监测点id,00:00-00:29,00:30-00:59,01:00-10:29,01:30-02:00,02:00-02:30,02:30-03:00,03:00-03:30,03:30-04:00,04:00-04:30,04:30-05:00,2017-05-01 05:00:00-2017-05-01 05:30:00,2017-05-01 05:30:00-2017-05-01 06:00:00,2017-05-01 06:00:00-2017-05-01 06:30:00,2017-05-01 06:30:00-2017-05-01 07:00:00,2017-05-01 07:00:00-2017-05-01 07:30:00,2017-05-01 07:30:00-2017-05-01 08:00:00,2017-05-01 08:00:00-2017-05-01 08:30:00,2017-05-01 08:30:00-2017-05-01 09:00:00,2017-05-01 09:00:00-2017-05-01 09:30:00,2017-05-01 09:30:00-2017-05-01 10:00:00,2017-05-01 10:00:00-2017-05-01 10:30:00,2017-05-01 10:30:00-2017-05-01 11:00:00,2017-05-01 11:00:00-2017-05-01 11:30:00,2017-05-01 11:30:00-2017-05-01 12:00:00,2017-05-01 12:00:00-2017-05-01 12:30:00,2017-05-01 12:30:00-2017-05-01 13:00:00,2017-05-01 13:00:00-2017-05-01 13:30:00,2017-05-01 13:30:00-2017-05-01 14:00:00,2017-05-01 14:00:00-2017-05-01 14:30:00,2017-05-01 14:30:00-2017-05-01 15:00:00,2017-05-01 15:00:00-2017-05-01 15:30:00,2017-05-01 16:00:00-2017-05-01 16:30:00,2017-05-01 16:30:00-2017-05-01 17:00:00,2017-05-01 17:00:00-2017-05-01 17:30:00,2017-05-01 17:30:00-2017-05-01 18:00:00,2017-05-01 18:30:00-2017-05-01 19:00:00,2017-05-01 19:00:00-2017-05-01 19:30:00,2017-05-01 19:30:00-2017-05-01 20:00:00,2017-05-01 20:00:00-2017-05-01 20:30:00,2017-05-01 20:30:00-2017-05-01 21:00:00,2017-05-01 21:00:00-2017-05-01 21:30:00,2017-05-01 21:30:00-2017-05-01 22:00:00,2017-05-01 22:00:00-2017-05-01 22:30:00,2017-05-01 22:30:00-2017-05-01 23:00:00,2017-05-01 23:00:00-2017-05-01 23:30:00,2017-05-01 23:30:00-2017-05-02 00:00:00
10100406,4699,4334,1588,1466,1306,1130,1000,974,788,738,695,755,871,1006,1205,1543,1719,1981,1461,403,354,137,273,523,1593,1217,2055,2228,485,361,314,605,748,733,1374,2908,3701,3748,4200,3726,4492,4197,4276,4766,4725,4396
10100405,2235,2088,1720,1560,1308,1195,1017,939,745,836,763,886,868,1016,1185,1309,1496,1687,2038,2415,2459,2558,2740,2833,2774,2590,2846,3006,3082,3438,3378,3300,3424,3259,3345,3011,2829,2776,3025,2938,3118,3054,2908,2683,2357,2289
10300201,1974,1989,961,863,705,559,508,475,453,435,471,596,723,985,1111,1357,1668,1949,1507,651,794,290,651,1315,2974,2489,3906,4434,1172,807,757,1478,1591,1845,2930,4897,3287,3607,3675,3613,3590,3706,3321,2900,2669,2633
2010133,1760,1553,1300,1202,855,706,535,524,435,424,422,384,332,36,8,5,24,59,134,216,328,1225,877,1634,1990,2282,2319,2177,2393,2302,1982,2395,2430,1851,1921,2060,1480,1558,2299,2364,1808,2082,2120,1987,2105,1919
10200103,1672,1399,1256,1011,835,724,599,555,562,573,605,718,977,1257,1464,1832,1983,2352,2684,3038,3052,3067,3221,3245,2772,2735,3043,3236,3692,3695,3350,3398,3465,3352,3314,2920,2603,2623,2879,2992,3045,2775,2612,2380,2047,1785
10200402,1651,1641,1471,1243,1079,1004,862,823,766,651,634,669,828,889,1039,1250,1559,1638,1857,2221,2467,2357,2426,2379,2251,2182,2359,2595,2653,2814,2533,2542,2588,2467,2535,2224,2028,2145,2238,2393,2541,2408,2261,2056,1809,1603
20204001,1570,1360,1218,1066,968,880,951,797,656,608,567,607,588,701,716,771,966,1078,936,1182,1588,786,1283,2654,1659,1781,1668,1711,1427,1286,1222,2513,2198,1927,2025,1728,602,530,1907,1936,2023,1935,1802,1680,1540,1425
10200104,1527,1208,1032,924,797,629,672,541,495,515,486,575,720,956,1145,1412,1780,2162,2284,2901,2980,3161,3257,3015,2758,2606,2727,2885,2954,3093,3419,3290,3449,3365,3338,2621,2298,2372,2516,2724,2705,2522,2385,2078,1799,1440
10100403,1494,1395,1104,969,802,685,602,477,424,498,366,468,456,612,861,1049,1266,1486,1404,1252,1506,594,941,2002,2397,2023,2368,2694,1838,1480,1114,2195,2138,2284,2762,2394,2225,2375,2424,2498,2545,2387,2245,1976,1588,1489
30606706,1472,1255,1005,621,531,407,304,346,284,279,333,420,474,528,727,465,923,1313,1341,1221,1405,535,633,1962,3354,3050,3563,3831,1411,805,923,3402,3050,4048,4389,4020,4243,4494,4355,4039,4444,4073,4180,4354,4079,3732
10200102,1414,1085,938,801,703,622,648,538,415,483,483,590,782,1045,1169,1379,1564,1993,1961,2691,2659,2754,2836,2701,2428,2349,2564,2682,2803,2931,2983,2873,2930,2881,2919,2499,2162,2244,2434,2551,2570,2464,2066,1819,1518,1298
20100301,1395,1176,1039,817,747,596,506,499,411,412,370,402,516,569,704,890,1103,1331,1658,1938,2081,2187,2306,1945,1933,1853,1869,2124,2360,2388,2406,2520,2575,2548,2407,2231,1966,2045,2093,2150,2211,2206,1951,1761,1541,1263
10300207,1354,1055,851,774,628,483,442,392,316,355,354,483,543,748,862,1111,1323,1495,1276,789,711,352,528,994,2799,2395,3595,4065,1346,698,718,1242,1207,1447,2469,4638,4204,4157,4567,4114,4652,4453,3951,4372,2506,1583
2010132,1308,1193,970,916,785,612,602,564,532,402,397,561,801,1111,1486,1800,1991,2023,1990,2013,1430,1989,2092,2004,1818,1948,2138,2163,2126,2087,2090,2098,2166,2017,1484,2019,1915,1868,1550,1970,1861,1903,1954,1579,1774,1486
10100404,1305,1014,821,685,597,510,429,369,280,257,266,336,409,634,882,1053,1339,1453,1260,870,1093,393,522,1056,2901,2384,3654,3625,1116,527,554,994,1035,1124,2007,3369,2888,3081,2811,3102,3258,3269,2746,3005,1940,1329
10300202,1303,1104,985,786,717,598,513,466,376,431,445,621,754,965,1160,1400,1701,1908,2326,2752,2833,3013,3103,2761,2569,2436,2690,2924,2854,2437,2361,2135,1927,2120,2154,2782,2532,2398,2736,2668,2712,2663,2267,1863,1563,1487
2010131,1260,1018,814,659,569,501,419,363,263,242,252,304,406,575,788,973,1203,1343,1193,1469,2090,953,1392,2938,2335,2225,2062,2259,1912,1644,1542,3092,2833,2545,2831,2546,2369,2382,2307,2473,2555,2485,2187,1773,1603,1310
10100211,1251,1072,948,892,952,1027,1194,1105,1442,1285,1122,1058,989,901,852,908,1248,1617,1760,1767,2034,1092,1214,2644,2404,2083,2085,2641,2097,1885,1625,3283,3075,3273,2726,2554,2101,2299,2311,2529,2479,2537,2259,1897,1558,1303
10100204,1220,978,822,714,652,550,529,426,405,400,390,474,607,786,1035,1355,1562,1978,1550,920,1145,453,653,1361,3005,2540,3746,4110,1340,691,601,1318,1048,1057,2310,4499,4531,4714,4934,4556,5034,4791,4426,1680,1406,1186
2010073,1211,784,608,574,384,265,383,343,228,208,159,135,259,385,524,576,741,846,842,524,555,222,297,793,2427,1447,3465,4640,650,431,376,902,861,1036,2216,1077,567,1210,1351,1738,1423,1233,1387,1354,1375,1222
20500304,1206,999,1008,746,671,603,547,418,390,445,420,490,702,1092,1383,1387,1629,2127,2235,2596,2787,2792,2446,2645,2290,1987,2589,2658,2559,2913,2823,2743,2646,2638,2530,2149,2149,2089,2124,2341,2090,2097,1653,1495,1367,1203
10100205,1170,975,748,684,575,515,406,363,396,358,449,487,566,781,967,1209,1356,1488,1322,666,849,431,677,1278,2750,2398,3648,4307,1309,1070,786,1400,1742,1793,2852,4462,4522,4740,4780,4420,3885,2402,2134,1968,1560,1301
2010044,1167,966,794,704,574,543,561,473,360,383,353,446,456,569,755,918,1113,1250,1338,1581,1565,1478,1119,1473,1800,1563,1533,1622,1763,1985,2141,2059,2194,2173,1597,2198,1983,1712,1476,1895,1755,1802,1971,1717,1678,1236
30606707,1139,959,716,445,403,307,245,255,212,223,256,332,418,579,765,510,675,1231,1163,1097,1071,428,506,1439,2402,2221,2604,2989,1167,592,726,2847,2603,3225,3617,3160,3343,3673,3508,3300,3799,3447,3240,3412,3137,2961
20100306,1123,777,827,692,591,520,420,374,366,367,377,443,677,956,1248,1336,1511,1828,2068,2324,2303,2379,2291,2367,2037,1934,2220,2360,2523,2547,2551,2550,2069,2237,2294,1778,1721,1691,1845,1794,1915,1688,1519,1372,1178,1150
10100206,1104,847,757,627,516,489,412,344,293,338,329,436,534,818,1038,1445,1529,1842,1487,751,861,246,462,1010,2603,2245,3389,3687,876,406,528,719,744,894,1719,4205,4558,4582,4594,4478,4828,4608,4363,4546,4267,1184
30606704,1098,921,791,485,433,319,223,250,185,196,224,177,350,488,706,746,870,1031,1035,808,603,164,272,847,1377,1340,1133,1784,625,341,226,1103,1519,1237,899,1225,2603,2304,2509,2551,2399,2536,2345,2195,2224,2050
30606702,1095,940,1021,1349,1439,1675,1590,1836,1557,2051,1995,1862,1427,948,1021,1141,1448,1748,2033,1915,2397,1251,1588,2501,3296,2070,2140,2375,1770,1516,1526,2890,2864,3132,2704,1962,1799,1778,1825,2159,2238,2050,1733,1245,1096,852
20507303,1075,939,1095,1047,873,394,308,244,342,530,681,824,918,882,866,917,880,1055,861,543,366,82,59,1060,6415,1514,1195,1236,366,69,76,1190,1494,2733,5710,1534,1589,1855,1535,1636,1387,1371,1386,1167,1378,1141
20507302,1028,973,1214,1152,822,397,333,281,375,740,904,1113,1147,1129,941,943,956,968,849,328,328,45,77,1256,4622,1344,994,1029,326,81,120,1316,2030,2477,2625,1334,1307,1479,1308,1351,1143,1037,1100,919,1142,1085
20501810,990,850,627,571,536,468,421,367,252,290,303,360,502,633,837,1023,1221,1371,1777,2242,2800,1469,1859,3317,2425,1847,1811,2172,2173,2231,2069,3993,3195,2554,2122,1797,1806,1942,1933,2055,2023,1906,1779,1601,1486,968
20501404,984,964,733,597,505,449,361,335,333,349,361,377,443,545,778,903,1115,1223,1426,1718,1758,1813,1855,1633,1513,1419,1552,1779,1849,1941,1909,2101,2026,2112,2054,1796,1717,1795,1847,1897,1872,1805,1683,1476,1281,1217
10300213,968,730,639,671,505,470,491,422,414,505,473,501,571,647,611,783,720,670,822,975,1174,1204,1358,1217,1423,1349,1213,1637,1763,1599,1742,1565,1651,1802,1398,1609,1199,1459,1572,1371,1478,1775,1396,1210,1243,901
10300503,965,858,716,592,533,422,373,287,250,239,199,236,293,353,563,779,918,1125,1369,1732,2051,2017,2115,2110,1988,1856,1874,2199,2512,2526,2451,2266,2424,2342,2418,1918,1770,1789,1742,1839,1872,1736,1601,1400,1082,988
10300505,961,861,714,571,521,410,369,269,232,197,179,210,244,319,477,727,822,1055,1175,1657,1815,1802,1835,1906,1832,1795,1807,2099,2426,2454,2495,2314,2350,2261,2351,2008,1678,1693,1793,1906,1962,1946,1619,1410,1121,965
20400801,954,932,824,416,369,182,236,183,157,121,114,105,185,253,367,414,523,672,799,884,1008,460,641,1524,3288,1276,1236,1262,914,675,707,1831,1894,2360,1435,1306,1088,1173,1225,1359,1287,1272,1375,1325,1278,1271
20501803,950,917,779,700,651,398,329,272,184,282,325,468,576,643,698,848,943,1026,1202,999,1081,468,767,1430,3246,2499,3668,4222,1198,756,684,1475,1516,1610,2818,4087,4163,4412,1807,2116,1886,1725,1555,1393,1318,1091
20104403,938,830,747,561,449,368,294,277,245,277,306,450,733,802,927,974,1239,1384,1186,1306,1636,237,566,2621,1622,1857,1543,1454,780,270,266,1388,1035,1070,1179,1862,2058,2085,2519,2480,2505,2514,2355,2162,1888,1614
20104401,920,798,695,529,404,338,297,247,247,245,247,315,521,661,804,941,1151,1297,1152,1439,1819,475,1013,2890,2089,1808,1913,2027,1501,1005,831,2591,1829,1846,1750,1500,1500,1948,2043,2149,2134,2104,1902,1850,1592,1425
10300212,920,686,670,707,629,544,593,538,477,602,541,534,748,764,712,1038,1082,1038,1679,1768,1631,1963,2020,1606,1749,1712,1555,1889,2083,1752,2105,1883,1910,1949,1584,2000,1446,1547,1795,1525,1628,1894,1360,1203,1194,1014
20501405,919,906,829,724,650,555,469,434,473,473,505,630,835,854,985,1245,1327,1645,1896,2075,2096,2046,1974,1908,1651,1706,1826,2028,2186,2173,2161,2007,1999,1993,2248,1866,1620,1816,1763,1701,1613,1462,1363,1200,1096,1129
20602404,907,789,792,737,458,307,291,338,298,250,231,191,254,382,531,573,693,770,798,866,1209,596,792,1593,1075,1155,1188,1224,1083,849,739,1526,1426,1426,1248,1156,1126,1069,1172,1167,979,957,931,890,829,700
20501402,904,718,607,485,421,342,286,266,242,251,262,274,309,388,483,584,675,765,856,1067,1133,1227,1217,1220,1264,1134,1274,1334,1407,1519,1575,1782,1756,1820,1765,1645,1348,1466,1528,1688,1744,1515,1513,1322,1196,1050
2010135,904,596,609,622,533,357,303,256,215,299,315,394,501,505,682,977,1016,1181,906,72,54,22,37,205,1289,824,1469,1646,221,56,39,188,296,445,1122,2447,1454,1604,1447,1280,1090,1372,1305,1191,1108,814
20507304,900,820,629,573,347,247,197,277,526,810,963,958,961,910,913,921,1003,1049,819,402,239,60,53,810,5996,1270,1240,1344,359,69,71,1651,2359,3957,3179,1395,1369,1455,1276,1234,1108,1174,1071,1046,1029,989
10203801,897,805,787,574,465,341,307,349,294,286,269,343,452,624,804,912,1020,1190,1357,1582,1476,1684,1703,1759,1631,1620,1707,1849,1802,1836,1755,1444,1528,1490,1655,1620,1571,1410,1624,1503,1631,1351,1348,1334,1255,1176
30606708,876,742,588,444,371,309,338,267,222,209,228,204,347,517,706,510,815,1546,1718,1723,2009,630,810,2189,3999,2819,3604,1866,892,916,1001,2946,2879,3040,3343,1585,1858,1850,1903,1944,2185,2051,1782,1425,1147,905
20501807,874,732,577,461,320,266,241,233,321,370,507,542,557,665,830,870,1019,1163,1284,1411,1565,1588,1660,1561,1419,1365,1430,1624,1849,1993,2091,2326,2360,2149,2250,1901,1752,1941,1829,1831,1960,1793,1672,1591,1176,836
2010042,874,634,529,544,484,430,375,263,155,191,168,165,212,246,296,443,531,638,742,1048,1090,655,982,2348,1393,1250,1220,1263,1297,1302,1220,3199,2497,2300,2330,2124,1804,1753,1777,2057,1934,1941,1794,1881,1825,1460
2010054,874,736,599,464,391,326,238,238,168,152,136,188,182,269,367,479,677,837,923,1005,1308,763,1112,1709,2846,1471,1421,1587,1470,1318,1131,1941,1927,2360,3542,1908,1628,1525,1610,1574,1674,1601,1413,1410,1099,923
2010010,866,504,500,519,215,339,440,260,250,172,111,111,225,302,358,425,483,623,708,860,947,929,867,878,753,954,897,774,930,796,861,843,893,731,783,642,678,735,895,844,931,1014,889,997,1036,726
20104605,858,666,558,485,413,357,279,252,192,196,203,350,419,555,639,790,958,1151,1349,1577,1662,1689,1730,1568,1499,1450,1503,1609,1772,1940,1984,1896,2010,1914,1912,1696,1516,1555,1787,1738,1842,1801,1266,1317,994,871
20501409,857,830,686,654,534,462,398,379,379,408,401,459,636,656,805,901,1103,1208,1413,1608,1762,1745,1768,1703,1445,1402,1548,1799,1767,1882,1917,1954,1950,1763,1903,1522,1405,1534,1649,1539,1452,1394,1247,1173,1002,937
20104404,850,612,548,505,394,318,285,286,213,244,323,307,462,639,862,924,1072,1363,1083,1416,1697,235,504,2395,1323,1439,1142,1124,625,242,212,1164,779,885,921,1935,1760,1803,1952,2310,2464,2123,1832,1438,1156,1016
20501802,845,604,474,519,451,377,357,275,237,222,249,322,360,64,,,,,,,296,368,423,884,2358,1997,2732,1521,985,656,511,1031,1015,1063,2117,3917,3432,1486,1550,1566,1532,1483,1355,1298,1181,775
20501407,844,774,670,618,499,426,379,365,372,379,385,449,572,648,805,887,1098,1180,1377,1557,1696,1693,1699,1647,1433,1340,1539,1719,1797,1804,1857,1863,1892,1690,1787,1456,1393,1468,1610,1467,1430,1360,1182,1107,985,913
20501406,786,767,599,535,481,383,296,265,252,231,260,298,376,471,659,856,958,1179,1355,1605,1764,1826,1757,1592,1433,1294,1346,1505,1603,1677,1637,1585,1671,1718,1716,1546,1345,1468,1486,1477,1535,1313,1342,1166,1055,970
2010043,785,594,500,505,452,407,350,246,155,191,163,176,198,229,298,441,535,633,747,1017,1067,724,950,2562,1196,1219,1172,1248,1309,1416,1382,3458,2454,2067,2071,1734,1674,1653,1719,1896,1795,1809,1732,1650,1690,1305
20501805,782,690,541,425,320,248,194,228,285,346,478,502,553,616,784,799,941,1074,1156,1335,1519,744,962,2022,2842,1713,1626,1465,1438,1141,1050,2383,2417,2435,2727,1936,1651,1772,1727,1828,1792,1741,1605,1524,1166,1047
20504202,754,626,512,395,328,291,198,188,153,139,115,171,170,221,311,397,559,719,899,961,1076,1144,1202,1301,1145,1129,1072,1243,1439,1468,1516,1525,1498,1592,1518,1367,1326,1222,1251,1254,1337,1310,1163,1087,853,759
10203802,731,662,586,454,399,305,348,313,290,276,314,373,498,693,805,968,1101,1288,1403,1655,1611,1386,1492,1570,1224,1390,1539,1614,1674,1732,1591,1565,1549,1501,1600,1484,1250,1307,1515,1450,1561,1337,1197,1056,941,840
20504602,728,607,517,377,353,298,232,217,163,184,155,238,245,360,455,549,576,680,691,618,713,325,461,1016,2709,1995,1819,1119,713,585,480,1028,1142,1299,2373,3679,1300,1319,1384,1508,1590,1457,1457,1214,1057,882
20501811,726,653,552,502,363,241,199,163,166,193,208,241,198,410,563,706,823,915,1130,1330,1437,1424,1469,1299,1137,1073,1078,1266,1514,2416,2504,2630,2490,2402,2408,2155,1870,2146,2189,2336,2274,2273,2036,1882,1678,1142
20507301,724,836,764,648,346,168,126,240,484,769,963,964,1072,871,873,855,858,880,576,264,236,38,62,894,4417,1077,980,1090,350,46,104,1410,2549,3317,1123,1168,1215,1164,1024,873,793,784,787,775,845,837
20602406,688,587,677,486,343,250,245,292,265,186,162,149,35,204,190,246,263,443,687,811,936,791,930,1464,862,934,973,900,988,1084,898,1168,1124,1111,1007,867,665,686,742,713,589,696,653,616,545,565
20501804,682,596,531,469,413,297,49,,,,128,273,291,414,227,,,236,895,603,650,291,427,991,2817,1993,2901,3132,805,607,571,858,935,1065,1792,3727,4103,1453,1480,1602,1596,1518,1480,1152,1068,629
2010019,674,684,691,724,539,430,366,321,292,251,302,358,311,356,402,419,408,439,426,451,461,444,431,437,463,463,510,515,578,561,562,533,554,548,556,642,572,631,674,579,676,604,617,610,657,671
20104402,658,511,416,353,341,252,245,180,182,175,249,310,457,523,562,715,841,971,887,1078,1668,390,736,2330,1476,1298,1285,1420,1041,734,556,1991,1482,1477,1347,1403,1242,1579,1495,1828,1819,1652,1479,1164,847,704
30606002,656,641,618,527,415,275,232,211,200,223,200,203,273,429,519,614,741,834,1028,1054,623,494,846,1109,698,921,1074,905,767,769,759,577,546,576,554,628,710,602,675,576,581,554,648,643,738,723
20101813,656,529,434,362,248,208,187,161,196,254,291,309,316,429,446,512,705,755,872,774,916,462,480,1245,2477,1668,1015,1150,958,752,746,1534,1747,1747,2053,1563,1417,1326,1392,2195,1347,1260,1038,957,751,520
20501809,635,565,524,464,403,277,246,202,181,213,209,255,227,339,463,508,626,682,808,1040,1235,953,1213,1582,797,896,811,801,1018,1146,1123,1290,1061,977,982,549,1050,1195,1207,1295,1294,1277,1165,984,924,573
20301815,630,582,533,490,468,342,249,222,160,194,217,290,398,537,539,687,775,820,724,81,46,22,28,170,1096,608,1057,1187,173,39,32,131,190,259,610,1529,799,831,713,795,805,806,674,615,538,457
2010040,613,426,359,349,283,213,216,149,75,100,79,78,123,148,215,311,442,551,670,762,1037,561,820,1981,1002,1001,916,978,1024,1062,1067,3098,1968,1757,1650,1406,1326,1338,1296,1382,1393,1382,1301,1368,1214,969
2010250,609,470,386,300,242,186,174,174,155,164,171,203,213,281,298,322,394,438,480,611,694,684,755,724,734,708,696,791,758,898,935,1032,1003,1053,978,946,737,856,904,944,1010,875,848,839,749,704
20501403,606,554,587,519,438,382,309,312,308,304,342,410,598,649,711,944,1068,1215,1364,1605,1548,1468,1450,1329,1138,1195,1265,1435,1560,1551,1515,1448,1324,1349,1442,1233,1149,1108,1124,1089,1081,931,835,778,669,652
20400806,604,438,378,346,271,229,211,214,250,230,255,339,396,618,1036,1461,1535,1733,1679,1630,1630,1618,1609,1629,1678,1373,1274,1325,1504,972,1412,1158,1006,1001,1217,690,671,660,648,612,698,620,536,523,430,372
20400805,601,442,364,327,270,232,207,215,243,225,250,335,399,619,1060,1499,1551,1706,1679,1674,1562,1625,1512,1629,1668,1402,1349,1230,1588,1015,1317,1298,960,1042,1024,681,647,651,650,598,685,607,522,523,442,358
20104607,600,492,467,396,291,271,198,197,167,172,181,329,402,619,722,870,1010,1146,1360,1661,1780,1825,1784,1685,1495,1378,1573,1754,1884,1493,1858,1838,1713,1799,1772,1323,1220,1314,1459,1390,1370,1322,1157,980,881,813
20301814,591,492,418,356,247,195,171,155,191,230,282,302,304,403,490,545,620,677,705,607,801,347,514,1026,2071,1571,1361,1054,775,726,607,1404,1470,1424,1797,1673,1556,1502,1341,1456,1486,1231,992,889,738,472
10306101,587,492,373,288,314,247,228,196,155,218,180,249,324,444,556,677,864,1109,1296,1533,1596,1578,1697,1586,1446,1335,1425,1585,1681,1847,1841,1871,1929,1733,1778,1594,1418,1231,1301,1251,1355,1232,1148,911,741,738
20101816,573,513,456,418,379,320,203,212,138,155,204,230,364,472,506,669,703,810,625,45,70,28,29,225,1375,760,1366,1384,177,28,44,175,233,333,862,1929,946,873,799,876,828,930,732,758,620,590
10100612,561,362,327,287,253,268,186,179,139,136,107,102,147,167,194,258,295,332,434,495,600,637,682,712,632,599,658,756,786,823,812,765,659,707,620,699,638,604,676,695,702,608,542,483,445,415
20605302,542,446,428,395,339,300,309,230,244,223,308,311,362,460,462,541,565,698,788,919,994,946,978,848,761,794,902,981,1000,1083,1036,1198,1115,1064,951,848,807,776,869,862,932,826,749,708,620,609
20605301,540,470,414,381,347,326,259,259,230,290,293,274,355,379,373,433,498,612,688,819,838,851,1010,863,711,733,802,852,921,910,912,975,952,889,847,749,708,767,736,804,836,856,714,641,588,568
20606603,538,408,358,353,253,235,202,178,193,140,156,151,211,245,323,427,563,715,741,857,1018,1154,1102,1178,928,783,815,909,1038,1150,1175,1204,1217,1290,1401,1198,1029,995,1083,1070,1091,1038,948,804,667,584
10103502,533,394,342,306,268,250,241,205,179,169,138,142,220,313,388,575,561,616,682,878,959,927,865,871,830,763,766,955,1007,1048,966,890,980,961,928,808,780,807,806,821,880,755,719,543,529,447
20602602,529,450,462,411,369,293,275,207,226,217,187,195,223,250,249,343,438,518,600,647,664,729,598,604,620,625,608,571,493,493,516,557,682,547,736,623,563,594,599,624,640,652,653,589,592,535
2010017,514,485,492,476,464,438,389,337,292,324,292,333,362,444,437,417,444,437,445,461,518,520,525,547,541,550,553,551,580,602,630,628,655,627,603,629,654,668,648,597,677,581,638,527,625,577
20602403,513,465,425,374,281,242,236,232,221,186,237,270,365,492,670,949,979,978,883,814,862,523,702,1468,974,1049,1001,956,753,708,616,1162,951,862,773,791,809,759,742,779,739,638,749,660,644,585
20602603,512,504,498,408,391,390,299,261,244,200,212,237,307,348,379,477,557,608,674,707,717,683,810,787,676,762,785,822,730,735,737,678,784,764,712,760,746,740,693,785,736,682,632,645,614,470
20502004,502,440,352,295,219,196,148,130,120,129,138,167,213,411,512,670,733,798,1044,1302,1465,1287,1313,972,915,837,916,1024,1104,1191,1111,1066,1077,963,975,891,996,1085,1048,1093,1098,1081,923,783,666,485
10103501,500,388,372,313,256,231,181,168,136,145,159,188,257,297,322,379,474,544,683,699,864,869,910,985,929,851,848,950,1011,1095,1071,1066,1025,1011,1085,969,844,831,852,887,837,798,709,587,514,443
20504601,493,417,381,340,283,237,174,188,160,187,213,341,464,618,641,732,869,1008,983,1154,1320,625,747,1990,3557,1158,1236,1311,1130,1083,755,1825,2645,2085,1253,999,956,1037,1134,1202,1208,1062,843,665,581,487
20300615,481,400,364,284,262,214,175,154,152,148,137,141,165,227,272,327,390,474,528,653,744,779,819,815,840,708,823,760,895,916,934,1020,980,1029,969,879,741,770,784,881,875,787,845,635,606,571
2010123,479,419,381,343,266,237,175,194,173,191,215,336,456,611,643,757,881,1022,1230,1445,1678,1603,1408,1200,1022,1019,1188,1325,1489,1566,1347,1406,1238,1245,1214,995,913,992,1136,1171,1187,1036,817,669,585,492
2010036,476,309,278,259,204,136,147,106,53,73,59,76,111,157,234,336,505,543,712,883,973,619,797,1652,870,902,812,851,997,1002,1067,2409,1476,1350,1244,1117,1053,1073,1038,1080,1123,1065,1001,1023,820,723
2010038,475,294,263,247,216,145,162,110,42,67,51,54,84,106,169,241,355,429,578,644,761,511,670,1468,779,773,704,749,855,922,818,2157,1476,1303,1178,1093,1017,1028,983,1007,1061,1058,987,1036,857,690
20504604,459,362,305,232,192,199,153,142,114,128,128,180,205,311,437,592,601,754,682,527,620,315,463,832,2313,1858,1442,959,744,586,559,998,1406,1247,2302,1274,1074,1152,1144,1254,1243,1227,1141,952,903,634
2010053,457,405,313,242,207,161,161,137,95,103,111,143,226,299,424,595,740,831,1053,1364,1381,1332,1228,1135,1066,1016,1166,1272,1317,1448,1340,1250,1226,1090,1071,1008,818,815,957,865,883,735,678,585,490,446
2010018,449,484,465,439,359,310,274,295,233,212,216,193,340,431,511,534,526,590,389,309,189,7,5,870,2720,485,537,494,184,70,82,1383,1166,560,508,556,530,532,551,501,522,489,486,549,492,513
20504203,439,414,282,226,213,149,140,128,85,103,92,124,193,250,390,560,665,762,938,1229,1205,1175,1120,1012,965,878,1028,1179,1174,1264,1218,239,1020,1092,1145,951,816,839,924,788,779,693,628,554,408,386
2010046,434,328,249,215,222,170,171,142,133,153,132,141,199,256,277,290,467,470,599,726,674,636,685,739,711,682,699,736,735,728,704,602,728,734,683,693,743,746,776,772,787,797,761,670,602,521
10100604,428,383,420,369,292,260,189,178,134,114,129,122,173,278,388,494,644,666,829,969,1008,1079,1182,1158,1187,1120,1095,1144,1279,1416,1415,1383,1287,1322,1395,1031,911,927,882,961,959,862,727,626,520,461
20602405,425,358,323,303,245,220,213,200,212,208,250,330,243,565,872,1080,1268,1066,1417,1404,1500,1007,1112,2615,1027,1079,941,898,901,978,902,1068,840,746,628,543,533,528,506,484,532,401,413,385,314,285
20504603,421,379,306,261,239,180,166,186,136,188,172,295,378,433,473,588,626,776,893,1089,1288,731,860,1257,1306,1106,1101,1199,1237,917,945,1584,1485,1369,1470,1186,1113,1139,1127,1254,1132,1134,982,657,603,544
10300602,421,369,342,298,268,181,187,140,118,113,141,179,226,307,359,533,604,740,926,1056,1121,1184,1163,1085,983,940,1014,1138,1102,1143,1214,1135,1022,1122,1028,976,948,928,879,848,869,751,631,544,542,419
20502003,414,296,273,230,162,159,150,89,106,111,119,131,142,386,436,541,668,864,1001,1105,1361,1349,1258,1328,1184,1162,1216,1249,1422,1478,1336,1699,1409,1526,1381,924,1132,1188,1246,1234,1193,1166,1015,807,819,728
2010030,394,261,195,153,101,73,94,83,73,76,82,110,94,146,184,232,330,372,483,572,739,630,622,945,1694,1531,1171,1272,1166,1123,1145,1717,1742,1671,1630,1514,1543,1384,1481,1541,1372,1762,1720,1688,1523,1175
30606709,390,360,289,203,187,140,149,109,90,85,78,71,113,213,307,413,546,635,716,693,1000,325,390,1234,2122,1534,1980,1183,683,584,616,2020,1798,1872,2271,921,863,810,802,756,750,764,687,567,492,416
10101004,386,309,278,240,203,225,177,146,109,111,87,109,124,210,267,370,472,522,606,775,847,784,803,864,835,773,798,805,840,915,974,889,858,870,968,737,696,645,679,713,755,718,598,515,482,355
30701903,382,283,261,190,191,155,146,127,90,87,91,93,149,165,290,311,341,436,463,574,634,693,618,681,537,522,508,600,612,592,592,648,691,763,778,694,654,608,650,669,631,581,539,498,411,382
20400802,379,249,207,188,177,130,127,108,114,108,119,166,221,318,504,728,956,1057,972,1015,1021,514,516,1034,2239,993,664,722,585,639,464,1070,857,674,634,577,581,607,565,539,565,608,512,440,419,317
10101003,377,330,358,274,235,202,174,155,146,117,125,129,171,224,311,487,474,598,721,791,834,860,852,942,849,762,798,925,979,1098,1008,1008,971,897,996,769,757,721,752,723,744,700,599,480,464,428
10100603,371,264,275,236,194,172,137,144,108,103,84,104,124,204,363,562,707,734,784,894,1012,1046,1205,1168,1069,944,1106,1301,1353,1283,1254,1162,1135,1180,1242,926,933,872,918,857,903,850,649,612,473,406
20507403,371,383,407,369,257,113,104,212,424,768,938,1088,1024,881,789,800,659,716,717,691,701,625,658,666,753,707,695,725,806,843,745,789,825,705,696,754,724,704,700,568,520,481,437,345,408,455
2010072,369,298,306,238,188,155,122,139,163,143,154,220,252,426,703,1054,1063,1260,1180,1121,1180,1191,1069,1004,1007,910,843,908,1003,893,803,716,1063,792,790,432,487,450,497,448,460,425,355,338,314,250
30606710,366,312,219,154,148,122,91,101,65,92,103,145,187,318,418,563,798,820,807,808,857,267,320,848,1500,1247,1657,1780,656,334,392,1432,1308,1715,1749,1786,1813,2034,1941,1831,1968,1903,1689,1619,1515,1391
2010031,360,272,257,199,182,136,113,99,115,110,121,164,190,299,399,543,687,835,930,700,818,1120,1199,1006,1138,991,889,766,868,1182,1033,874,856,606,772,478,506,520,542,490,589,581,517,449,378,271
30606705,357,290,214,139,132,115,118,73,80,57,82,75,138,231,356,249,521,796,972,1245,1319,1396,1465,1166,885,827,803,887,1019,1118,1179,1161,1178,1133,980,862,822,763,831,893,996,943,765,604,507,365
20504901,355,278,220,176,158,119,96,80,75,59,70,79,102,167,196,261,304,411,423,468,515,547,582,583,600,485,494,532,562,641,689,627,629,629,637,648,598,638,561,628,677,584,583,466,357,342
2010020,352,254,221,180,152,116,125,84,97,63,100,201,297,273,264,279,364,410,408,433,512,582,605,589,570,577,543,611,756,715,769,745,750,644,705,582,577,538,571,642,644,603,561,442,402,331
10101001,351,305,258,249,185,142,129,113,93,90,107,139,184,273,385,515,669,767,838,890,1048,1071,1059,1119,989,921,947,1060,1167,1218,1275,1300,1131,1164,1138,985,866,830,824,832,844,775,651,559,459,360
2010026,345,295,232,190,182,166,135,137,96,78,96,107,142,170,225,296,406,433,530,594,659,699,706,724,621,608,628,659,624,658,691,721,707,831,745,715,727,716,793,714,751,805,683,585,471,376
20507402,344,408,397,363,222,99,110,214,478,760,986,1112,1029,894,847,785,689,734,716,731,737,633,676,679,839,696,741,722,834,831,810,841,801,731,711,741,774,695,687,553,492,447,424,346,396,440
2010021,342,249,209,173,154,104,118,82,93,60,96,164,286,264,264,272,305,350,433,485,595,320,558,1142,548,670,522,585,690,558,613,1443,824,708,688,487,535,532,553,640,645,582,519,447,391,327
20501808,342,262,201,186,201,206,173,135,78,95,90,83,27,121,213,244,259,327,431,668,684,635,664,449,369,390,361,429,613,684,615,494,722,608,476,469,524,606,580,622,650,626,624,550,485,355
20602104,341,380,297,266,213,168,173,135,120,103,115,172,294,309,347,416,469,606,582,584,717,196,179,2866,705,911,831,955,440,299,317,3710,1122,950,919,803,758,834,787,838,816,698,699,641,591,488
30701902,337,293,215,213,189,141,131,109,87,78,101,114,153,234,259,324,385,449,556,558,627,642,558,546,502,524,493,570,714,630,696,618,694,716,640,590,553,562,639,680,585,541,491,444,425,352
20606601,334,293,250,191,154,135,111,92,102,60,90,91,149,187,270,330,435,561,564,701,837,909,874,879,717,625,636,700,756,834,885,913,981,977,1096,880,626,607,599,647,620,631,535,488,412,354
20503401,326,267,246,190,149,154,146,121,114,117,142,185,231,291,331,393,498,551,664,749,846,731,783,693,641,617,628,739,762,782,711,814,759,762,792,677,607,652,657,700,642,628,482,503,404,353
31006901,324,321,256,206,181,140,109,114,102,148,146,175,198,312,490,643,818,1005,1091,1037,1087,1101,1171,1019,1103,1016,1003,939,1050,1048,817,753,613,699,646,419,342,348,291,290,285,298,247,181,208,180
20101812,322,253,232,187,122,102,87,86,99,136,136,172,171,232,281,298,371,421,453,581,731,336,433,1064,792,539,596,581,677,579,676,1678,1153,836,843,729,653,716,664,614,696,675,537,524,386,248
2010070,321,306,199,83,73,44,36,44,21,20,20,14,27,41,56,61,91,97,130,130,179,164,187,214,229,277,248,244,145,178,173,345,312,321,251,376,375,359,243,270,339,400,354,233,307,303
20503402,320,280,228,168,159,147,100,105,83,99,88,123,181,195,226,299,372,431,469,538,613,629,615,621,601,563,598,671,715,711,694,738,762,793,858,706,657,676,630,601,623,608,601,548,426,356
20606602,318,246,187,160,134,120,100,110,72,100,111,151,225,322,399,539,683,715,842,999,1076,986,957,742,676,792,885,988,1069,1113,1017,1081,1195,1129,1274,1050,976,1098,1167,1117,833,878,967,870,811,730
2010001,314,295,244,203,180,149,114,121,102,149,151,174,191,316,516,666,866,1004,1098,1058,1119,1121,1163,1032,1096,964,902,955,1084,1022,861,745,699,715,687,408,345,358,291,325,290,284,266,220,213,181
20104606,308,230,215,190,160,135,113,94,67,65,91,166,199,273,302,365,450,531,666,693,733,729,747,668,648,631,663,736,778,837,793,781,824,863,814,744,674,683,730,770,794,774,590,500,406,326
2010048,304,239,194,143,165,114,105,77,75,66,69,105,117,173,234,305,340,385,484,583,668,507,643,754,570,555,594,555,639,674,591,609,699,708,646,606,570,585,624,566,622,558,517,417,359,271
20200905,301,246,218,168,146,144,132,111,83,78,85,95,157,210,228,330,397,471,508,545,586,658,729,808,795,586,598,619,679,505,688,745,627,604,604,628,571,533,600,589,608,594,491,445,379,349
2010025,300,282,255,207,162,137,148,100,123,129,97,126,106,210,247,269,375,465,554,651,719,638,611,632,518,541,621,726,725,763,733,656,659,638,632,690,763,820,749,736,704,710,660,526,500,361
20602103,299,230,199,161,135,110,96,81,111,84,102,124,213,270,373,489,653,767,735,676,681,180,175,2515,1627,809,828,1126,438,279,280,3943,1909,1028,1010,726,640,611,667,672,689,580,523,462,417,304
2010047,287,211,163,176,140,113,109,89,58,71,69,82,132,187,250,355,451,457,553,677,711,522,669,835,567,607,554,619,664,745,602,669,762,642,731,744,595,560,505,544,493,470,478,383,322,256
20300701,286,218,163,160,127,102,90,75,64,59,70,66,124,131,198,266,263,302,364,415,464,517,483,535,468,409,451,448,512,528,561,623,628,614,654,548,474,468,480,464,475,377,388,382,336,268
2010045,284,250,214,247,206,172,154,149,176,178,156,238,241,322,372,445,483,551,703,801,691,673,676,652,622,627,681,738,839,857,715,739,818,695,782,638,483,491,547,615,611,613,527,480,431,321
20504205,283,217,202,142,148,127,110,91,94,79,91,86,126,161,169,211,246,285,341,392,378,409,428,440,384,369,409,407,447,500,453,471,420,439,408,431,381,423,476,494,451,424,370,286,293,233
2010122,283,177,137,133,115,84,84,87,60,62,60,99,112,181,222,236,248,336,336,373,384,388,358,403,373,381,398,436,489,527,504,458,481,496,485,481,452,492,487,563,517,477,484,509,517,350
20605101,275,237,206,176,143,138,84,100,84,58,53,68,123,137,224,298,370,386,465,520,575,569,589,572,578,459,542,609,672,682,663,624,660,639,640,657,552,525,545,563,523,560,444,438,364,293
10107801,273,193,188,133,136,116,114,92,90,75,82,105,117,161,204,221,262,313,360,359,385,369,409,369,332,356,394,415,376,469,434,436,450,452,434,423,370,335,418,413,442,357,346,301,270,201
20504204,272,231,226,171,166,136,133,77,82,57,63,77,92,105,139,149,200,263,326,347,418,436,465,462,395,345,347,417,430,439,489,436,453,404,435,375,385,384,392,439,392,361,369,296,288,264
20606604,268,200,162,129,116,98,83,80,73,82,93,138,215,304,373,488,609,602,749,843,904,883,848,632,564,681,776,891,978,969,940,956,1025,990,1046,903,845,942,1047,1040,860,756,747,705,696,604
20606605,268,199,215,203,175,133,159,135,125,124,114,137,159,207,241,296,362,424,451,526,620,610,621,601,481,395,461,463,465,517,576,607,520,511,542,500,500,488,523,538,511,480,424,358,317,308
20101817,268,266,242,207,200,174,113,101,79,84,96,106,187,212,261,305,315,406,288,47,50,19,22,128,731,421,686,778,107,15,18,102,138,197,492,1059,544,530,454,527,489,567,407,417,309,286
20807202,264,193,140,93,96,82,72,59,45,44,45,82,80,123,174,252,261,345,228,313,431,252,415,849,611,610,423,644,424,216,517,1160,842,904,743,753,556,813,881,839,827,862,735,1008,651,478
2010134,261,280,348,327,182,131,53,60,101,138,204,286,265,261,286,329,312,372,398,386,420,411,447,430,471,463,445,436,475,523,508,474,535,458,467,484,458,434,448,365,316,309,253,260,269,249
20606606,260,261,209,169,168,149,128,137,146,159,138,169,191,234,247,266,323,400,482,572,615,624,598,521,522,502,563,595,654,729,705,786,811,848,879,889,900,853,890,857,817,691,764,753,700,668
2010052,255,233,185,166,149,118,99,79,70,69,62,83,144,190,266,408,398,533,650,752,736,525,693,818,554,596,538,618,639,714,608,682,682,648,646,507,489,589,511,496,495,463,398,343,241,259
2010009,252,221,150,131,115,106,71,53,55,62,57,66,93,131,195,273,320,414,464,588,596,689,635,619,624,586,611,724,772,726,656,493,301,273,627,633,564,511,545,572,589,567,488,405,272,234
2010041,251,164,144,114,120,73,68,51,58,49,47,63,95,197,222,283,413,497,705,948,1019,479,700,1575,1101,659,681,788,871,1057,837,1719,1690,1046,819,732,667,784,812,938,1015,990,923,688,497,286
20605202,245,184,138,173,131,132,113,98,87,88,104,84,117,143,189,266,321,365,380,416,524,473,520,454,420,386,403,463,485,570,585,528,544,600,510,443,396,359,440,416,444,393,357,370,288,224
30602504,241,180,197,185,174,153,147,148,128,121,115,133,146,154,166,207,235,316,356,416,488,461,426,378,288,284,328,352,342,358,392,388,379,392,399,392,432,391,400,395,382,360,364,317,246,279
20605102,241,252,186,171,127,114,125,116,88,78,56,61,97,117,142,251,292,332,418,494,536,535,552,511,498,505,492,523,558,572,556,564,605,599,543,540,468,519,520,503,507,464,418,379,309,269
2010039,235,154,127,113,112,77,59,52,60,61,58,63,120,192,248,300,438,519,687,895,944,409,582,1191,1849,756,710,781,829,826,748,1674,1643,1609,819,725,730,819,832,958,1010,957,911,630,461,265
10107802,233,192,153,163,147,135,112,111,115,99,84,105,128,137,198,238,330,321,299,399,425,423,432,428,420,391,394,405,445,443,404,434,479,431,405,443,402,408,471,442,504,431,425,345,284,191
2010118,227,159,146,132,130,120,105,101,89,68,65,76,94,131,134,137,183,218,251,276,315,315,314,318,275,238,247,265,350,385,375,402,383,432,447,412,364,353,419,410,429,414,407,326,258,212
20200906,226,177,167,148,103,80,70,84,74,54,59,60,72,134,218,262,299,332,415,484,894,1158,1281,1195,970,518,488,755,1064,1203,1184,1163,1177,1167,1209,1087,622,451,488,619,553,467,408,438,310,314
2010119,225,188,130,134,129,126,94,78,90,88,93,137,135,152,145,190,193,275,333,369,493,450,438,480,429,417,436,493,513,448,393,467,342,346,452,384,343,326,286,356,366,368,348,404,442,363
2010003,220,194,145,125,93,103,78,77,62,53,52,49,75,89,151,191,239,280,326,407,442,467,538,525,554,497,580,605,690,725,704,714,682,687,669,599,466,504,514,497,487,438,387,353,241,221
20605001,218,152,112,71,73,61,51,42,36,40,22,41,50,77,117,167,221,252,357,375,525,593,607,662,438,430,387,462,450,561,496,521,519,545,597,546,524,457,418,398,473,421,356,307,254,189
2010004,217,186,148,123,89,103,76,76,56,57,52,48,73,87,144,176,200,264,316,404,446,478,538,532,563,507,593,612,689,733,707,713,689,707,685,594,456,495,503,483,484,434,391,347,240,219
2010002,216,195,154,123,91,99,79,77,57,53,48,49,76,88,149,195,260,277,323,402,433,462,529,530,553,497,578,595,704,723,698,706,679,702,661,594,468,508,508,494,487,433,385,355,233,220
20605402,211,144,108,68,58,41,55,39,27,28,40,53,52,73,113,143,205,265,295,341,324,541,523,536,457,480,495,601,727,743,795,780,691,766,810,711,629,697,669,660,644,619,533,397,314,251
2010063,210,169,137,125,102,77,75,66,60,52,37,51,65,74,113,141,204,275,305,337,403,390,397,381,340,308,405,434,457,428,449,426,395,432,505,458,436,493,455,410,418,383,347,289,250,210
2010005,208,146,128,91,85,58,62,55,50,29,45,65,100,74,96,102,135,167,219,232,255,318,327,318,306,298,270,340,425,409,469,461,468,411,430,362,329,317,341,415,401,389,332,270,214,171
2010064,205,180,135,127,114,88,78,74,58,53,36,58,68,78,120,158,191,242,293,314,376,362,355,374,391,314,343,376,415,428,415,397,406,403,472,422,476,449,396,401,392,372,321,284,237,209
20504802,199,156,143,128,118,78,70,59,66,77,69,83,85,96,125,125,151,153,173,197,216,205,209,195,217,201,194,209,227,245,237,249,238,261,271,224,256,251,252,235,240,222,260,235,214,199
10101302,197,145,129,114,111,99,94,70,59,45,45,34,50,76,141,216,250,298,316,361,347,344,367,370,407,375,371,429,452,468,459,416,469,455,417,397,367,332,392,385,389,357,284,254,185,189
20504501,196,175,169,126,126,119,120,87,40,66,48,149,143,150,178,277,286,321,373,445,467,452,466,387,324,445,372,432,410,458,464,488,449,517,409,438,362,387,411,383,419,351,377,312,281,241
30707901,195,175,118,109,96,68,72,73,63,42,67,67,93,121,172,208,249,275,367,386,401,445,412,446,401,354,294,344,452,476,435,448,502,566,603,478,516,452,424,428,397,376,409,299,277,215
2010055,188,133,112,87,104,61,49,40,54,51,34,45,51,75,100,169,237,212,333,411,397,453,440,453,385,381,355,404,473,574,485,517,584,574,488,449,392,366,348,400,415,336,316,284,208,174
30707902,184,188,163,158,120,83,72,87,67,58,63,73,80,104,179,245,245,332,344,365,436,423,433,418,364,355,332,444,477,483,449,406,487,485,513,458,484,496,502,480,459,378,414,380,318,243
2010141,182,164,143,123,89,78,106,68,85,75,67,66,78,94,131,153,192,200,277,258,288,322,317,326,295,353,367,332,379,430,402,383,418,421,303,461,427,439,439,457,445,452,450,283,209,176
2010024,180,143,121,87,73,68,60,50,34,40,26,41,63,69,101,135,169,230,261,352,342,388,329,342,330,319,354,400,402,406,427,452,468,486,477,315,479,566,564,482,498,461,447,395,268,245
20504801,179,142,145,121,96,92,95,81,66,74,64,92,85,135,165,174,214,220,263,276,257,286,268,263,257,246,224,251,255,266,255,250,258,240,244,236,235,259,236,254,254,256,233,199,176,175
2010124,178,245,211,135,96,71,57,54,33,36,40,74,192,278,312,366,406,440,585,638,610,598,571,560,458,403,460,563,568,602,640,527,486,469,465,333,326,375,339,327,330,299,263,247,196,195
20402801,177,143,130,111,100,95,56,66,61,56,67,73,107,138,200,198,248,313,315,415,494,216,283,605,334,362,321,348,243,246,217,333,276,205,255,244,225,265,291,268,258,265,232,212,186,170
2010117,177,150,138,138,145,117,107,96,91,85,94,115,129,140,161,176,213,249,291,319,320,340,305,305,262,266,275,283,301,315,312,261,244,230,255,313,249,249,281,244,261,201,233,276,197,184
2010125,174,246,209,134,97,70,54,54,32,34,39,73,190,275,313,361,402,441,563,643,602,604,570,565,452,408,452,555,542,589,623,516,471,462,466,322,300,346,335,332,325,299,258,245,198,198
20602106,173,159,117,102,75,85,83,76,68,72,73,94,150,203,249,295,347,431,452,432,654,175,178,1394,426,505,495,674,322,289,297,2200,703,542,509,336,460,524,550,480,446,348,313,287,225,167
2010062,173,165,136,107,89,85,69,58,70,53,46,56,54,89,120,139,198,257,316,404,440,459,466,460,342,353,341,383,399,497,471,447,518,523,565,559,480,499,541,570,507,533,482,406,373,310
2010078,171,139,148,121,97,87,76,62,61,52,54,66,74,109,107,148,170,185,255,299,263,293,317,244,209,220,291,279,272,282,309,256,289,264,294,289,284,321,297,287,255,253,218,265,204,164
20605401,170,99,103,53,60,44,42,41,38,32,34,34,44,67,105,150,210,217,290,313,351,467,511,517,395,336,398,379,447,482,433,497,490,551,576,507,424,456,420,445,415,373,356,247,194,165
2010120,168,161,136,119,116,102,77,76,77,79,81,112,87,112,137,167,205,254,274,321,357,443,492,387,357,323,301,373,495,547,524,504,565,500,502,585,420,541,472,418,436,428,382,335,267,233
2010027,153,123,90,61,62,38,30,24,23,29,17,25,43,51,85,138,207,291,336,378,390,446,442,437,398,336,350,402,446,438,451,452,422,472,507,462,426,339,354,331,387,324,290,220,182,135
2010061,153,144,100,105,94,60,84,61,77,54,61,85,93,121,126,186,231,299,368,441,507,488,459,404,353,328,402,418,497,547,455,473,479,481,514,403,407,447,408,417,387,349,314,293,214,211
20605201,150,136,143,94,98,102,65,46,49,34,40,65,101,111,147,151,220,256,333,332,362,399,372,377,312,314,299,371,367,416,414,395,430,451,526,432,362,352,348,401,392,351,293,296,270,177
2010077,149,156,208,215,116,82,80,70,61,51,57,50,80,93,119,127,127,195,219,269,244,247,240,235,181,161,174,177,197,148,196,175,219,203,190,213,208,242,222,265,233,248,248,194,207,155
2010121,148,122,121,90,69,71,70,53,46,56,35,65,72,109,159,183,239,283,329,412,381,468,460,466,411,427,436,469,408,399,431,374,438,403,436,270,338,359,322,366,333,297,275,233,206,176
2010029,147,129,130,113,103,95,94,81,81,56,56,81,100,172,238,295,410,523,726,892,975,1119,895,715,520,415,469,586,771,898,891,789,628,503,536,407,412,382,487,395,374,440,338,269,181,157
2010050,145,107,98,75,91,71,50,53,57,43,81,72,99,132,141,204,219,281,419,452,509,450,418,387,302,359,309,373,405,527,384,471,475,395,445,522,591,499,355,300,345,279,304,268,182,193
2010056,142,122,84,103,92,59,68,29,41,29,51,59,65,87,143,197,219,255,355,481,514,461,533,483,358,371,367,423,477,527,484,500,495,455,470,354,316,316,349,325,275,259,223,203,144,121
2010035,137,112,94,73,66,52,57,45,26,34,24,29,42,47,79,157,195,278,287,353,438,421,434,503,495,407,429,510,520,526,567,548,557,526,580,506,452,433,409,371,350,309,259,210,175,145
30608002,137,120,102,107,95,88,89,90,78,79,58,60,84,87,70,73,121,127,163,172,212,171,207,202,164,156,166,219,235,217,239,300,331,373,405,462,413,485,569,430,304,407,541,408,412,355
20204101,133,121,82,72,86,71,77,68,80,117,132,184,126,96,108,151,172,195,211,215,223,248,244,212,218,170,166,175,203,220,210,244,210,294,238,156,145,176,190,169,229,213,193,179,139,139
10101301,132,109,122,89,62,65,46,32,59,40,51,45,61,122,219,437,411,389,464,509,482,468,444,503,453,385,394,412,470,513,491,402,367,365,413,317,296,290,292,291,287,242,252,170,167,123
2010126,122,74,79,57,64,25,27,22,30,27,16,35,40,71,79,93,158,194,260,389,486,210,264,837,652,366,298,305,360,315,281,651,719,731,952,635,490,386,318,308,285,238,180,157,141,125
2010034,121,113,88,77,58,43,36,38,29,30,20,18,41,66,84,148,231,295,289,343,406,431,492,617,621,470,487,486,535,540,597,568,597,631,736,710,462,395,384,352,320,286,274,212,203,153
10104301,120,91,68,57,50,49,51,37,47,37,31,28,35,43,44,43,71,60,122,155,150,155,192,137,137,164,143,144,229,235,203,226,197,193,143,183,161,209,169,195,209,216,164,104,102,79
2010060,118,89,79,69,71,64,42,59,38,39,39,54,63,111,97,95,137,178,221,240,260,217,214,222,194,188,185,225,245,234,253,301,261,282,301,268,275,241,264,269,250,262,219,194,175,163
2010374,117,85,110,73,47,55,60,31,40,37,43,95,177,177,206,191,162,147,183,180,187,213,224,208,188,175,178,238,225,257,211,264,234,263,354,227,209,226,239,210,197,193,202,138,121,75
10403701,115,119,107,90,67,57,41,39,30,33,32,32,49,59,93,120,135,167,186,220,254,245,243,228,206,217,250,244,301,259,262,247,266,254,266,242,204,247,260,233,243,235,226,218,169,137
2010059,115,85,70,64,64,50,49,56,47,48,31,66,57,104,105,86,132,183,217,245,265,212,228,222,200,195,190,224,240,241,263,311,260,280,317,276,262,235,258,248,245,239,198,175,158,167
2010015,115,151,261,48,166,314,264,109,142,65,48,77,117,152,247,213,273,240,217,315,253,348,260,234,284,263,30,197,286,87,278,168,274,239,327,219,251,304,344,395,391,290,214,354,334,354
2010082,114,80,81,86,71,72,53,48,40,33,31,36,43,60,63,96,108,158,168,180,181,203,224,187,172,198,202,205,234,216,218,214,214,216,194,177,186,170,205,184,211,160,184,141,116,92
2010129,113,90,53,37,43,31,37,29,19,47,51,69,79,118,155,152,219,284,356,428,528,264,360,701,437,311,300,317,366,425,401,731,943,663,593,485,421,391,322,297,323,253,208,183,137,124
30608001,112,91,95,109,104,95,85,89,66,70,48,57,81,83,71,103,121,171,185,200,235,245,238,217,173,132,166,164,151,165,219,197,145,164,168,193,232,197,201,217,202,169,161,142,116,122
20605502,111,96,67,73,50,46,43,43,72,53,54,117,129,173,215,178,240,247,283,311,343,327,297,272,263,264,270,285,306,339,352,282,293,265,292,244,230,276,248,247,225,227,202,183,170,124
10107701,108,104,74,65,85,54,39,49,56,40,28,36,46,96,146,139,137,186,167,202,218,217,217,219,191,221,250,242,225,131,243,290,313,302,273,236,239,248,280,272,279,254,230,163,146,124
2010074,108,116,90,92,58,58,68,56,24,15,10,41,52,113,135,180,162,221,260,306,324,296,311,332,235,318,287,309,335,331,383,315,328,333,340,230,188,169,305,287,249,273,256,188,154,120
2010127,105,82,56,35,39,26,41,34,25,42,56,67,78,113,135,132,227,274,360,429,533,243,365,700,350,271,262,309,372,400,403,800,670,676,593,454,335,343,286,250,261,227,174,161,135,120
2010375,103,93,82,81,93,96,80,72,65,57,46,44,54,67,64,75,76,87,88,155,153,123,145,150,148,150,176,174,191,169,204,200,162,146,142,151,128,160,181,174,184,176,181,148,170,154
2010071,102,76,61,43,51,41,38,41,21,31,21,25,39,37,65,78,97,179,161,182,225,251,274,395,387,257,250,202,226,151,235,368,310,189,218,168,164,159,150,157,158,163,135,131,113,91
2010128,102,69,68,51,55,27,19,19,22,28,20,37,57,96,115,158,202,292,315,364,499,221,279,599,1196,367,372,387,310,331,353,683,709,691,1196,414,340,353,318,300,296,223,180,159,118,89
2010037,100,67,54,38,34,27,22,20,21,19,26,31,43,58,117,127,200,221,321,391,532,356,430,699,273,310,343,373,466,554,543,911,556,506,401,393,403,408,504,493,579,582,513,366,229,128
2010069,99,67,59,58,34,29,18,12,9,17,12,18,20,44,53,115,138,212,247,300,235,191,166,197,191,190,160,167,184,187,127,109,121,125,57,62,64,74,78,72,68,59,64,46,51,40
20605501,99,76,116,66,48,46,42,29,25,29,37,41,36,52,75,80,120,103,124,167,171,166,161,160,140,134,129,164,168,140,173,195,207,195,209,229,211,201,185,202,215,193,168,148,133,104
30603301,97,82,63,61,63,56,34,29,29,31,38,41,58,79,108,151,211,254,230,379,352,107,264,746,268,318,306,334,235,204,119,1046,424,359,373,282,158,353,352,290,318,289,315,251,214,185
2010028,89,82,54,52,45,30,26,19,23,25,16,24,25,33,57,93,122,145,209,265,283,290,326,329,294,255,256,294,318,310,312,312,297,343,327,324,301,270,252,264,308,247,242,159,136,119
2010140,89,83,77,71,50,42,53,40,45,39,40,51,62,68,144,143,243,211,256,207,249,251,219,230,51,230,215,144,253,276,283,263,326,314,301,322,311,320,314,296,291,280,254,170,115,111
2010049,86,75,56,68,58,42,41,29,22,34,21,24,46,68,85,101,118,142,107,53,55,25,30,91,207,125,180,204,58,51,49,126,157,137,214,388,404,290,238,228,253,228,246,199,165,140
2010014,85,105,66,58,35,46,31,32,19,13,17,27,41,65,84,126,96,154,143,170,162,250,186,219,238,252,245,261,263,271,294,285,283,329,264,335,303,271,278,160,111,82,71,49,40,33
10107702,85,76,81,78,68,66,53,60,60,71,36,36,41,74,98,110,111,142,178,176,206,198,187,199,199,216,206,227,219,215,210,238,219,234,279,237,199,218,180,211,203,198,183,167,109,97
2010013,84,82,72,64,58,50,23,22,29,31,33,45,44,100,105,181,268,306,314,352,306,266,319,299,277,245,241,281,279,264,286,217,144,169,137,84,63,66,53,43,54,44,52,25,23,24
2010081,81,80,75,68,59,37,33,36,31,24,33,21,36,54,63,96,88,126,153,183,193,177,188,167,152,178,160,199,186,218,180,171,175,173,222,188,174,162,173,202,159,147,159,127,105,98
20807502,80,66,42,41,30,34,21,22,27,14,18,27,34,73,83,114,113,163,175,213,212,205,171,185,189,202,221,263,266,257,308,296,311,315,258,308,336,370,315,467,281,239,279,194,134,106
20504902,79,54,49,33,21,19,21,7,13,12,11,21,37,43,58,75,92,108,108,152,155,175,178,190,152,158,149,178,210,192,211,191,172,191,183,148,134,115,93,128,117,88,98,78,67,63
10207101,77,55,69,49,49,27,35,36,32,24,30,40,62,117,107,139,135,161,148,188,185,203,203,173,169,177,147,173,172,188,203,186,188,166,193,175,171,165,153,177,165,144,151,152,118,110
20807602,77,54,42,41,35,32,25,16,22,19,19,26,43,78,94,108,123,139,188,214,215,177,212,181,170,189,213,240,285,259,314,300,341,373,344,372,408,398,395,374,347,237,214,166,112,69
2010083,77,75,58,45,39,25,32,25,20,21,14,22,31,48,47,65,87,103,104,127,136,130,131,124,104,108,130,134,146,155,159,157,137,143,148,142,110,151,134,119,150,115,126,123,89,95
2010084,76,60,53,44,36,25,24,15,15,26,16,21,28,25,50,66,56,93,119,133,135,131,117,144,137,128,109,131,140,119,121,116,127,117,130,114,117,125,102,115,126,91,105,81,97,86
20807601,72,64,49,46,35,37,29,24,15,25,27,30,36,39,55,84,109,146,195,238,203,259,294,263,230,205,197,210,217,244,221,226,200,256,235,190,196,159,182,135,173,147,142,123,102,75
20807501,70,68,41,31,24,22,22,10,20,25,11,26,28,55,72,77,96,118,158,184,168,258,265,244,224,216,207,143,185,220,172,178,170,180,173,155,149,138,156,122,136,135,128,108,93,64
20602105,57,56,46,50,23,25,26,30,22,18,35,28,33,47,45,73,88,91,89,128,154,153,163,174,127,127,131,137,115,149,133,136,172,171,161,126,109,95,93,129,138,132,100,110,95,91
20605002,54,48,20,19,20,15,8,14,5,10,10,10,21,38,50,69,98,105,153,222,214,342,295,196,121,181,167,172,267,272,252,215,233,223,226,167,177,199,219,259,192,209,147,133,95,71
20501411,54,46,38,48,31,39,47,37,40,48,45,38,32,53,44,41,48,36,44,31,29,39,31,34,28,37,35,35,29,35,28,38,47,43,24,39,37,29,34,34,29,25,42,19,28,26
30602505,53,55,38,28,20,14,8,13,9,4,5,16,36,71,91,109,123,120,94,45,43,38,10,60,142,143,147,169,79,54,75,115,169,148,165,242,167,173,168,191,190,133,114,131,84,106
10100407,36,32,20,32,14,22,18,21,18,15,10,14,14,6,16,19,21,22,24,35,41,49,33,35,33,29,36,44,28,42,39,42,44,52,43,49,48,56,36,34,49,48,41,31,24,48
10207102,36,24,45,26,30,19,18,23,30,24,22,23,30,34,39,38,56,58,64,82,90,91,95,93,92,95,69,77,92,67,82,75,93,87,112,91,90,75,77,88,88,87,72,84,69,52
20400804,34,35,29,13,10,13,5,7,7,10,7,,5,11,12,10,28,23,22,21,37,35,38,46,47,31,36,37,37,24,26,37,39,36,32,35,20,31,30,42,37,30,38,43,34,42
2010380,32,31,25,20,17,15,10,4,7,15,11,11,24,32,39,46,61,91,100,109,136,136,104,91,117,92,99,110,132,198,189,135,140,155,196,143,96,95,86,83,80,83,48,43,54,43
20501410,31,25,45,34,43,38,22,34,46,32,37,24,36,31,39,26,32,35,38,31,27,37,34,44,31,27,36,27,29,16,19,25,18,20,15,53,31,30,22,18,25,21,22,18,13,9
10200904,30,36,29,15,9,12,12,3,8,6,7,7,11,12,19,17,34,35,45,46,38,43,51,64,51,50,59,45,49,54,59,45,66,52,61,50,37,34,51,52,46,49,47,51,47,44
2010379,29,33,29,17,20,9,8,7,5,11,8,16,13,14,26,35,53,87,88,113,114,132,117,129,107,95,89,86,102,134,119,127,133,129,131,114,106,105,94,105,87,89,63,55,52,50
2010364,29,29,24,13,8,14,10,10,4,11,8,4,15,12,29,35,34,48,62,73,95,96,83,77,42,49,58,52,61,86,74,74,100,63,62,53,51,74,65,55,57,67,69,47,43,35
2010016,27,44,208,259,159,168,53,50,77,65,77,112,114,138,218,257,303,376,394,340,292,212,320,166,83,312,300,161,125,178,130,71,304,166,230,106,55,67,74,64,84,48,43,38,41,33
2010080,26,19,18,12,11,14,5,6,6,3,9,5,8,20,21,30,38,49,53,46,56,46,47,69,46,42,51,65,60,64,77,63,72,68,101,80,62,59,68,46,54,44,52,41,32,47
20506501,25,22,11,11,9,8,10,10,8,6,12,8,9,14,13,35,27,24,24,17,16,23,24,24,25,35,32,33,25,28,27,26,20,14,5,26,24,31,21,26,30,26,31,25,19,18
20506502,24,26,17,24,11,8,6,8,9,4,7,6,15,12,19,24,19,15,32,44,32,40,24,35,23,27,37,30,42,41,33,35,26,28,27,29,28,29,34,16,30,27,30,31,23,26
30606703,24,8,2,5,4,4,7,6,5,2,1,4,12,14,17,7,46,35,34,43,44,65,67,46,33,28,43,28,52,42,46,45,28,24,22,37,25,29,29,44,30,37,30,24,17,14
2010302,23,17,10,11,11,8,8,4,6,5,5,3,4,10,15,21,18,23,18,30,31,27,28,35,36,20,21,33,27,32,28,31,22,27,29,23,24,25,39,35,43,28,31,33,28,27
20501413,23,22,9,11,14,5,10,9,7,6,9,10,11,9,16,18,20,12,12,13,12,17,9,8,16,11,12,18,7,13,10,10,11,13,18,8,13,20,12,11,22,11,27,20,32,24
30602506,23,14,12,6,13,3,3,4,2,1,2,1,11,35,47,60,74,74,76,113,102,59,101,188,94,112,84,101,92,129,118,188,140,162,142,128,116,104,115,110,112,87,73,61,38,42
20606504,22,10,13,9,13,10,9,6,4,5,11,7,12,8,9,19,13,34,23,30,31,25,29,27,23,25,,,,,,,,,,,,,,,,,,,,
20501412,22,17,10,17,9,3,9,10,2,4,7,9,14,7,13,14,23,12,12,11,6,10,16,11,20,13,12,13,13,14,24,11,8,8,7,14,16,14,19,22,15,19,21,18,19,23
10300506,21,14,13,11,9,8,6,5,2,2,4,4,4,9,12,17,8,18,18,27,38,31,33,40,20,33,37,30,35,38,37,49,22,36,41,43,38,34,36,49,31,50,31,21,24,14
20501408,21,22,19,17,14,17,9,15,11,13,13,20,13,21,19,32,32,27,41,40,42,49,44,35,26,30,32,33,31,40,38,41,39,41,38,35,36,41,28,46,48,48,32,31,28,34
2010319,20,20,25,21,10,10,17,13,8,1,6,11,8,14,21,17,20,24,23,34,24,25,27,19,27,17,25,34,36,33,44,38,29,34,26,29,25,26,44,33,30,29,29,29,31,29
10100408,20,18,25,18,13,19,9,8,9,8,7,19,7,10,12,15,19,12,34,28,27,23,24,25,23,25,25,18,21,27,20,16,19,21,16,30,38,59,42,42,53,40,19,31,37,19
10300504,20,18,15,14,13,17,3,2,8,2,10,11,5,5,11,16,30,26,30,31,36,49,41,36,48,41,40,35,56,47,43,41,66,55,57,61,39,46,50,53,46,47,42,40,20,24
2010199,20,11,4,4,3,2,6,2,2,3,,,3,3,1,,,,11,2,6,15,15,20,22,26,11,18,11,11,20,20,23,18,16,23,7,13,24,20,25,17,18,15,15,20
10200903,19,13,18,15,13,12,13,11,8,11,16,8,16,19,32,38,36,40,48,42,51,32,36,58,35,50,48,46,56,47,39,43,45,41,34,41,29,33,39,50,27,37,32,47,35,19
10100606,19,11,11,10,7,13,6,6,4,5,5,5,2,10,12,8,11,14,15,16,25,15,26,28,12,21,20,24,11,23,20,25,26,19,22,18,19,13,21,22,24,19,18,15,14,15
2010058,19,13,14,7,12,9,11,9,10,15,13,18,22,20,16,30,42,44,42,58,47,49,57,56,57,44,52,67,69,70,59,51,68,47,67,64,54,43,46,44,42,30,42,22,20,16
2010366,19,29,50,41,33,12,9,10,5,9,24,36,32,32,44,38,48,60,70,77,72,53,42,44,30,32,37,39,43,62,40,41,46,40,42,40,31,35,45,51,51,31,39,26,27,26
2010057,18,15,11,9,15,7,10,13,13,16,13,19,24,19,17,30,42,44,39,63,47,49,55,57,56,45,51,64,72,68,58,55,69,47,63,65,50,47,48,47,42,32,42,24,23,15
2010325,18,19,8,6,10,19,11,7,11,3,7,3,10,13,14,21,20,26,39,40,43,32,34,42,32,27,30,32,31,45,37,32,28,45,42,28,24,25,39,43,29,36,26,29,23,23
2010290,18,20,14,13,10,8,4,5,5,6,6,3,11,11,9,17,24,33,26,25,32,24,23,27,18,15,31,22,36,30,30,27,28,29,28,30,25,15,29,30,27,39,35,25,23,21
10200901,17,28,23,4,16,6,10,10,1,3,7,5,5,12,16,17,20,28,35,33,26,27,44,42,40,44,47,42,45,37,32,35,31,42,32,36,36,32,47,34,36,38,43,27,39,35
31007001,17,6,2,1,8,3,5,1,6,,,2,3,10,14,24,23,22,34,77,37,72,66,59,17,37,32,36,86,98,93,82,104,59,62,69,73,99,101,119,141,103,140,111,40,6
20602101,16,8,9,5,9,8,7,4,4,4,3,3,3,6,5,6,8,17,16,11,31,18,26,32,22,19,19,33,30,32,23,37,41,27,27,24,21,15,23,23,17,19,17,18,18,8
2010079,16,21,15,17,10,8,15,6,10,5,8,14,20,19,25,36,40,47,49,58,63,64,51,63,47,44,72,58,70,66,67,51,68,72,63,76,56,69,67,48,45,40,40,28,33,29
2010320,16,19,9,13,10,13,5,3,2,9,3,9,10,13,24,18,29,27,19,24,25,33,32,28,20,25,26,32,32,32,37,33,29,41,27,19,20,33,26,35,22,33,29,35,33,27
2010301,16,16,12,11,9,10,13,3,5,4,4,4,2,10,10,3,11,26,5,9,17,17,18,1,10,8,23,9,8,6,10,4,16,1,23,11,9,4,13,28,13,16,,23,15,20
20403602,15,12,15,11,6,5,6,9,3,4,4,4,2,9,9,9,13,20,23,20,29,33,36,35,33,34,24,31,26,28,16,14,17,18,22,17,13,8,19,23,18,31,31,22,27,20
2010223,15,3,3,10,3,8,6,6,4,3,5,2,2,7,7,14,8,17,11,17,34,32,30,17,22,35,21,26,29,16,17,25,19,11,22,17,20,11,15,10,12,26,21,19,18,9
10301102,14,9,9,8,3,2,4,3,2,2,3,5,6,6,16,10,12,12,18,11,5,13,12,10,14,14,9,13,10,5,4,9,6,13,9,18,18,21,12,17,16,19,18,15,17,9
10103901,14,6,7,10,13,11,8,4,3,3,6,5,6,3,3,3,1,3,,2,2,6,5,3,5,6,4,3,7,3,4,3,5,3,5,6,6,3,7,8,10,6,6,7,9,6
2010138,14,14,15,15,8,5,6,1,6,1,8,8,10,6,12,9,22,23,20,17,24,33,35,26,24,23,28,27,37,34,33,36,34,34,35,32,25,29,20,36,31,32,20,28,20,22
2010249,13,16,11,10,8,3,4,6,3,6,7,8,6,9,4,3,11,6,15,9,14,15,20,13,13,14,13,13,14,9,13,26,15,17,15,17,17,18,12,20,10,11,12,13,12,14
2010202,13,7,13,15,8,1,5,3,3,7,3,1,4,7,15,7,4,6,16,15,5,11,24,27,16,19,23,13,13,13,14,13,14,8,14,13,10,6,7,6,11,14,13,4,13,16
2010288,13,9,7,6,4,4,5,3,2,3,2,3,10,5,9,15,17,19,28,26,17,24,26,17,10,19,16,22,24,33,21,27,33,23,31,19,27,28,22,19,29,30,20,17,18,17
10200614,12,6,6,8,4,5,5,3,3,5,2,,5,2,1,7,7,7,4,8,13,10,15,12,12,10,12,10,25,20,19,13,17,13,12,16,17,7,14,18,12,14,18,18,10,9
2010198,12,17,8,6,7,9,5,6,8,4,2,7,10,13,13,17,21,33,34,10,17,32,19,31,30,26,23,28,30,34,22,28,36,14,31,16,21,23,23,21,28,25,23,19,16,18
2010203,12,1,6,4,5,5,3,3,3,2,3,2,1,4,8,4,6,3,7,5,10,13,10,6,11,6,4,13,22,16,14,16,18,9,16,11,10,14,7,14,8,13,12,11,11,7
2010365,12,13,9,5,10,8,10,5,16,8,12,5,13,10,15,25,26,26,34,34,45,43,48,39,49,40,48,35,48,53,52,47,49,62,42,55,60,44,59,43,48,44,46,39,34,27
2010303,12,13,6,2,9,5,2,4,2,5,5,5,1,7,3,7,8,10,8,14,12,13,11,15,7,8,13,16,14,16,21,15,17,15,20,12,8,9,20,13,13,18,19,6,7,8
20400803,12,10,6,7,5,2,3,1,7,4,6,8,9,16,21,27,36,32,51,39,27,37,28,36,38,33,29,30,24,16,20,30,21,21,17,18,18,14,11,8,18,10,12,11,13,7
2010185,12,6,8,3,4,2,1,1,3,5,3,4,1,5,5,6,19,10,15,10,8,9,8,6,13,7,5,11,12,15,10,24,16,18,13,6,4,8,10,17,20,11,12,15,10,10
2010137,12,8,8,14,6,7,5,5,5,,2,5,14,10,12,25,23,24,19,36,23,30,32,24,40,31,32,34,43,33,28,43,38,37,34,35,31,16,29,25,24,19,19,24,17,20
10301101,12,14,8,7,9,4,6,6,3,2,3,2,4,6,1,11,14,8,11,15,14,16,5,13,10,9,5,15,5,16,12,4,5,5,6,9,21,22,23,22,21,19,16,20,14,15
2010346,12,2,3,1,,4,3,2,1,1,1,5,3,1,4,3,6,11,8,9,11,9,12,9,14,6,4,12,9,11,7,13,10,18,16,17,11,13,12,14,15,5,10,11,9,6
2010248,12,9,8,6,5,5,3,7,2,3,6,3,9,9,4,9,4,10,6,9,14,14,12,16,14,16,13,12,20,11,19,14,19,16,13,9,11,11,19,9,12,15,19,11,10,12
2010277,12,9,9,9,2,2,3,2,3,4,4,3,1,4,6,,8,9,7,14,15,21,22,23,13,16,15,12,23,15,24,19,19,23,21,20,18,15,7,24,24,14,21,16,18,11
2010336,12,8,11,7,8,5,6,4,5,5,2,3,4,11,14,13,17,19,22,19,23,19,22,13,21,19,15,11,19,13,27,19,15,22,18,16,20,17,21,17,19,20,19,16,10,13
2010116,11,5,8,4,2,4,8,8,1,5,1,2,2,3,3,5,6,9,11,7,9,7,16,13,8,11,10,9,7,12,9,4,10,6,7,9,11,13,6,6,8,8,5,8,6,9
10100605,11,13,4,3,3,4,6,6,7,1,1,3,3,6,3,3,13,12,11,11,21,12,19,30,21,17,17,16,12,21,30,26,19,23,20,27,25,21,25,31,16,20,19,21,13,7
2010194,11,18,12,2,10,5,,6,2,3,7,6,6,7,12,8,6,7,17,17,18,15,14,16,20,10,19,1,,,,,,,,,,,,,,,,,,
10100609,11,4,3,7,3,2,1,1,1,,,,1,5,4,7,6,11,4,11,7,13,10,13,15,12,12,17,12,12,17,13,12,23,14,15,16,16,8,3,15,9,7,9,5,5
2010216,11,6,11,4,8,2,2,3,4,6,3,3,4,4,8,19,13,14,16,24,13,14,20,14,20,15,16,21,21,12,16,18,14,15,6,15,13,9,15,18,19,13,15,17,16,11
20507401,10,17,9,22,10,1,6,2,23,21,35,47,44,31,48,43,59,60,83,84,104,98,97,72,57,88,71,53,102,118,110,76,60,61,47,42,47,47,56,51,47,37,36,22,30,18
2010342,9,4,6,7,5,6,2,1,1,2,2,1,7,2,3,9,6,9,12,12,13,14,16,15,10,9,5,10,20,15,8,21,22,18,18,16,20,27,16,19,25,12,13,12,8,11
2010213,9,4,2,1,3,4,3,,,3,,1,3,2,5,8,14,9,13,11,14,14,12,14,9,11,10,10,12,13,14,13,18,11,15,11,7,18,6,6,15,8,10,11,14,11
2010335,8,10,13,10,10,7,7,7,4,4,4,2,4,8,7,14,12,15,8,17,23,17,11,19,16,21,24,16,20,14,12,22,14,15,12,15,22,11,16,16,18,19,16,16,13,13
10300601,8,7,3,4,4,4,1,2,1,4,1,1,2,4,4,6,4,7,8,12,12,19,18,8,15,13,10,17,16,20,24,16,16,10,12,19,13,16,10,13,13,9,9,10,12,4
2010214,8,2,4,3,3,2,1,2,2,,2,,1,1,1,1,7,10,11,10,21,11,8,11,12,9,12,8,6,12,15,11,8,8,9,9,8,7,14,4,6,5,4,10,1,1
2010341,8,6,10,4,4,1,1,3,4,2,2,1,5,4,6,6,6,18,21,20,25,17,26,16,10,14,13,23,25,14,16,22,12,19,22,20,23,20,16,13,17,11,10,8,11,9
10300607,8,12,3,3,4,4,5,3,1,3,3,3,1,,,11,1,7,6,2,19,6,11,7,5,20,14,16,29,27,47,18,14,13,20,13,11,15,22,22,12,15,13,8,6,11
2010278,8,1,7,4,4,7,3,1,1,1,,3,5,6,5,13,7,9,9,15,16,13,22,11,13,10,16,23,14,13,20,14,14,20,11,10,10,16,13,16,21,16,17,14,10,6
2010381,8,5,3,1,2,1,,,2,2,1,2,6,4,4,5,4,11,10,16,20,19,18,14,8,15,14,13,11,14,19,21,15,17,15,1,,,,,,,,,,
2010195,8,4,7,3,4,1,4,3,3,2,3,3,9,9,5,12,7,19,16,20,20,20,26,22,21,19,11,16,17,23,24,18,16,12,19,11,9,10,10,12,13,11,13,7,8,1
2010200,7,9,3,,6,1,,4,3,3,1,2,4,10,15,17,12,26,17,14,23,26,29,23,22,16,26,8,27,28,28,20,9,4,11,8,11,12,10,12,17,20,15,7,9,8
2010190,7,9,5,5,9,4,4,2,1,2,3,3,4,4,3,9,10,13,13,17,24,20,22,14,16,22,12,17,19,17,12,17,17,13,19,10,5,15,15,13,18,10,11,8,12,11
2010224,7,7,6,9,4,4,5,6,5,2,,2,4,4,8,7,6,15,15,19,17,18,19,9,9,17,14,14,12,16,17,9,9,6,11,13,9,11,8,13,10,13,6,23,9,8
2010205,7,5,7,8,2,1,5,6,1,3,3,8,5,2,8,11,5,19,14,14,16,12,20,14,12,19,13,19,8,16,20,18,22,20,18,13,11,14,12,12,15,11,14,9,6,6
2010306,7,,7,2,4,1,2,1,1,,,,2,,,5,8,4,5,8,8,8,5,5,9,4,4,6,8,5,13,11,3,4,4,4,6,4,6,8,10,6,4,5,3,4
20602102,7,5,12,7,8,4,2,5,3,3,4,2,3,5,9,10,9,15,20,25,23,19,14,23,22,16,24,28,37,31,31,26,27,41,31,23,20,18,10,32,27,20,27,23,18,12
2010156,7,6,7,1,2,1,4,7,2,5,2,2,3,2,3,3,7,4,7,15,13,13,11,11,7,6,11,12,12,15,19,14,9,10,15,9,16,15,17,17,10,18,14,13,8,9
10200613,7,8,8,5,3,5,3,3,4,5,1,1,2,1,6,4,7,6,6,11,9,15,13,10,17,11,7,22,15,20,21,19,19,20,20,20,18,14,8,15,12,16,13,17,11,15
2010287,7,7,5,8,3,3,2,,2,5,1,1,6,6,6,4,8,9,14,19,20,21,11,13,11,23,15,10,20,24,19,18,19,25,12,17,16,20,17,26,15,16,24,20,11,10
2010276,7,1,,1,1,3,2,1,,2,,1,3,3,3,7,7,7,5,11,7,12,8,3,10,5,6,9,12,5,8,14,7,3,4,8,9,16,9,12,11,9,9,6,6,5
2010188,7,5,7,2,2,4,5,4,1,1,,4,4,5,2,,1,6,5,6,4,10,8,6,8,3,4,5,5,6,7,4,6,4,3,9,4,4,6,5,2,4,8,5,3,5
2010222,6,6,3,3,6,7,1,4,2,2,2,5,3,5,7,5,6,11,15,14,5,13,5,9,13,5,6,9,9,5,4,8,10,9,9,7,8,11,10,6,5,4,3,4,5,1
2010211,6,6,7,1,2,1,1,,2,1,1,2,5,4,3,7,9,7,15,13,13,15,13,5,10,19,13,5,15,21,10,11,16,14,15,12,17,20,8,14,21,10,8,14,9,7
2010225,6,9,10,8,3,3,3,4,2,4,3,2,,1,8,9,13,6,14,15,6,14,11,10,9,9,7,12,16,9,7,4,13,11,17,11,8,7,9,9,6,10,3,3,5,5
10100610,6,5,7,5,3,6,2,3,4,1,2,2,2,6,5,8,7,1,3,8,8,10,7,17,12,14,9,6,16,20,18,8,7,9,7,10,16,16,15,16,10,8,12,6,4,7
2010184,6,4,4,3,1,2,2,2,2,2,,1,1,9,8,10,11,4,14,14,8,12,10,8,10,12,10,5,9,10,10,10,11,10,15,9,10,10,6,8,13,7,9,8,6,7
2010363,6,6,9,5,6,7,2,5,6,3,3,10,14,8,10,10,19,17,20,28,26,30,39,40,32,39,30,29,35,28,44,33,45,38,35,37,24,30,40,28,41,27,40,21,39,20
2010208,6,,,,,1,1,1,,,,,,,4,,,,2,1,1,1,2,5,6,1,2,3,2,6,3,1,1,,1,1,3,1,1,,1,4,1,1,2,2
2010179,6,1,,1,,,,2,,,1,,1,1,2,4,6,4,3,5,4,11,6,4,8,7,5,6,7,9,9,15,8,9,5,7,9,11,7,3,13,6,11,6,6,5
2010327,6,3,7,1,4,2,2,,1,,1,2,3,3,2,7,3,3,9,10,9,11,14,10,9,3,11,5,13,17,5,8,8,14,9,10,13,7,14,14,8,17,6,11,9,5
2010151,6,3,2,1,1,3,1,1,2,2,4,1,2,1,2,1,9,5,5,5,3,5,4,5,10,10,6,8,11,5,4,13,10,9,5,6,13,14,7,9,15,6,11,15,4,6
2010115,6,4,3,1,,,2,,,2,2,1,4,6,5,6,6,10,14,14,8,7,6,5,8,9,5,7,9,6,5,2,5,9,3,9,3,6,3,1,4,3,4,2,,1
2010311,6,7,7,5,9,7,4,2,1,1,,3,8,3,3,6,7,6,6,6,14,8,11,16,10,8,10,11,14,16,15,15,11,15,13,10,8,9,14,3,8,16,16,10,12,9
2010345,5,3,3,4,,5,1,6,3,1,1,4,5,4,7,5,7,10,10,8,20,14,14,19,8,8,7,10,15,14,11,13,14,9,10,8,8,8,15,15,15,13,10,7,13,3
2010189,5,5,5,1,,3,1,3,2,2,,5,1,3,7,1,3,2,3,5,7,2,3,9,3,4,4,8,4,6,1,5,8,1,4,7,3,4,2,8,2,2,2,5,4,4
2010354,5,4,3,6,4,2,,4,,1,,2,,2,4,6,1,3,1,3,4,3,8,5,6,4,5,4,2,8,12,7,12,9,7,12,12,5,6,8,8,3,7,3,5,2
2010273,5,7,3,4,,3,3,,2,2,,2,4,2,2,9,8,9,10,9,5,10,9,8,5,5,9,5,15,5,18,7,9,10,11,9,11,8,11,11,11,13,8,9,5,4
2010163,5,14,8,3,3,5,3,2,5,,1,2,1,4,4,9,14,8,13,12,10,14,21,15,10,14,6,15,13,15,16,27,11,20,14,12,9,13,8,14,8,19,13,15,10,11
2010165,5,4,5,4,4,1,3,2,2,3,1,,2,6,3,3,7,4,9,7,11,24,20,13,8,12,5,8,11,14,21,12,12,19,8,12,13,6,11,12,8,15,5,9,6,8
2010377,5,,5,3,2,,,,,,,1,,,,1,,,2,2,,,3,1,,2,1,,2,1,4,2,3,2,1,4,2,1,2,1,3,2,2,2,1,2
2010269,5,3,1,1,1,3,1,2,1,1,,1,3,3,2,3,6,8,2,10,5,7,3,11,15,11,12,8,4,5,5,11,9,7,14,13,8,5,4,8,9,4,3,2,4,3
2010268,5,6,5,3,3,3,1,1,2,2,3,3,,4,1,10,6,5,2,5,6,8,8,6,4,5,8,7,6,7,11,9,8,9,7,7,8,4,4,6,5,7,6,7,3,4
2010257,5,3,,1,1,2,1,1,,,1,,,2,,2,1,4,3,5,3,5,5,2,1,4,2,2,7,7,8,2,4,1,11,5,3,4,3,3,4,3,2,4,4,2
2010201,5,7,1,2,,1,2,1,2,,1,3,4,4,5,9,11,8,12,14,6,8,10,7,3,6,13,7,8,9,13,14,11,6,12,5,7,7,13,6,5,13,9,12,8,3
10101201,5,8,3,2,2,1,1,2,,4,2,5,3,3,5,4,8,17,9,12,13,19,13,12,9,16,16,12,19,10,2,8,15,20,17,9,10,9,16,14,6,9,9,2,10,7
2010338,5,4,4,4,1,,1,,3,1,2,2,2,7,6,11,8,6,15,6,14,9,14,8,9,6,10,13,10,15,11,12,11,12,18,5,13,7,7,11,8,10,5,8,7,3
2010307,5,3,1,3,2,,2,1,,1,,,,,,,,,,,,,,,,,,,,,,,,,,,,,,,,,,,,
2010281,5,2,2,2,,2,,1,,,1,,3,4,4,6,6,5,5,5,6,8,9,4,7,1,6,5,9,6,8,3,6,8,6,5,8,7,9,6,7,10,5,8,2,4
2010182,4,5,3,1,1,3,2,2,3,,4,1,1,6,3,12,9,14,15,16,18,28,24,24,24,17,13,21,14,15,18,18,19,17,13,12,10,2,13,15,5,9,14,15,6,5
2010149,4,4,5,3,2,4,,3,,3,1,1,3,2,2,3,7,3,7,8,6,4,10,8,4,6,4,4,9,13,5,5,2,11,8,8,3,8,4,5,10,6,8,5,4,7
2010382,4,7,1,1,,2,2,,1,2,3,7,3,2,4,9,5,10,16,9,13,19,19,16,24,11,12,18,13,18,20,21,26,28,18,9,13,9,16,12,19,10,17,7,8,6
2010178,4,1,3,1,1,1,2,,,,1,,2,3,7,7,2,4,7,5,11,7,10,11,8,4,7,7,12,13,6,12,5,6,11,16,5,7,6,10,8,5,3,1,4,1
2010347,4,4,3,2,,2,2,1,1,,2,,,1,1,2,2,4,3,6,5,6,1,5,5,5,3,5,4,1,4,8,3,7,6,6,5,4,,6,5,5,1,6,3,5
2010144,4,3,2,3,1,1,1,,,1,2,2,1,,4,4,6,3,6,2,6,7,1,3,9,4,9,4,7,6,5,3,5,4,7,5,2,4,2,6,4,4,1,2,2,5
2010331,4,7,4,8,3,5,4,1,1,1,1,,4,6,6,4,3,6,6,12,21,14,23,17,14,8,18,19,18,10,20,15,17,13,18,15,10,16,7,11,10,14,14,12,8,4
2010309,4,7,5,,4,6,5,2,2,1,1,3,1,4,6,7,12,7,7,6,6,9,6,6,12,13,12,8,16,5,11,11,10,13,10,8,9,12,7,5,8,17,5,4,8,6
2010305,4,4,6,5,3,1,2,1,2,1,,,4,4,2,3,1,7,7,8,9,6,10,8,8,3,8,12,3,4,10,14,13,7,7,9,4,6,7,6,11,12,5,5,5,4
2010217,4,3,1,4,3,2,2,,2,2,2,3,4,2,4,4,5,11,7,9,12,9,11,3,9,8,10,5,15,9,5,7,16,10,10,7,7,7,6,12,9,6,7,6,6,4
2010219,4,5,1,4,,3,2,5,2,3,,2,2,6,3,5,5,3,3,4,9,5,7,6,5,9,10,6,11,7,10,15,11,7,11,11,7,14,13,9,9,11,11,15,9,9
2010304,4,7,6,5,3,5,,1,2,3,3,1,5,5,4,4,6,6,4,10,7,10,6,8,8,8,8,9,12,8,3,11,12,4,10,4,12,5,10,10,10,5,6,3,4,4
20807201,4,2,2,2,4,2,3,,1,3,1,2,4,6,3,9,4,5,5,7,10,4,6,7,5,7,7,15,8,7,6,10,7,7,7,6,7,4,3,5,10,6,4,4,2,4
2010220,4,5,6,1,5,1,2,2,4,3,1,2,2,2,6,5,6,13,12,9,16,15,17,22,15,8,11,15,19,28,17,23,27,23,16,20,19,25,15,21,21,24,24,16,18,13
2010326,4,13,20,11,6,12,11,3,2,6,6,6,11,5,15,8,25,1,24,3,12,7,9,8,12,18,2,26,11,17,5,7,20,1,18,9,9,15,6,10,27,29,21,42,25,31
2010193,4,4,5,3,2,1,1,,1,1,,,,2,2,6,3,4,9,9,7,5,9,5,4,7,5,8,8,10,16,9,9,10,11,11,7,4,9,10,11,9,12,7,11,9
2010192,4,6,2,3,4,1,4,2,4,,1,1,1,2,6,5,2,5,8,12,7,9,10,6,7,3,11,11,7,4,8,7,8,8,8,6,3,3,5,9,3,5,3,4,5,6
2010275,3,3,2,2,2,1,1,1,1,2,1,,2,4,1,3,5,5,3,12,4,11,13,5,2,6,6,9,2,9,7,8,9,8,7,8,7,9,5,8,6,11,5,3,3,5
2010154,3,2,4,2,4,,2,2,,,3,2,4,1,5,4,5,9,13,12,7,15,13,5,13,9,10,12,13,9,7,6,8,2,6,7,7,3,10,6,6,3,6,8,,5
2010332,3,1,,,1,,,2,,,1,3,2,,1,2,2,2,3,1,6,3,2,4,4,6,2,5,4,2,3,3,8,6,3,4,1,3,7,1,5,3,,3,1,7
2010289,3,3,,,1,1,2,2,,,,,4,8,4,23,24,24,18,28,33,18,21,23,21,20,26,24,26,24,33,17,37,18,17,5,3,3,1,4,2,4,2,,1,4
2010270,3,3,1,3,2,,1,,,1,,,3,3,2,4,1,5,9,9,13,13,9,15,11,7,4,9,8,7,5,7,7,9,5,11,5,7,5,5,6,4,2,3,2,3
2010114,3,2,2,1,1,2,,1,,2,,,3,,1,1,2,7,6,13,13,18,16,20,13,22,9,15,23,18,18,14,16,13,18,24,15,18,10,14,14,14,12,11,8,5
30603601,3,4,4,3,3,2,,,1,3,,3,4,7,15,10,16,21,14,13,22,22,8,11,21,13,12,12,24,12,13,11,16,17,12,7,5,5,8,10,8,5,6,6,8,4
2010344,3,1,1,2,1,1,1,2,,1,1,,3,,2,2,3,2,9,7,3,7,4,7,5,2,6,3,7,9,6,9,11,5,14,8,7,5,6,10,8,7,5,7,6,3
2010337,3,5,4,2,4,,1,3,2,,,,2,,4,2,6,4,3,4,12,4,20,14,7,8,5,7,6,9,18,10,12,14,14,10,19,5,10,9,13,11,13,9,10,5
2010210,3,2,5,5,1,3,,,,,,3,1,2,1,2,1,7,6,5,5,8,4,5,7,9,5,6,5,5,7,9,5,8,8,8,7,5,7,3,3,5,6,5,6,5
2010333,3,5,,1,1,,,1,1,,,1,,,1,1,,5,3,4,2,2,5,2,1,,1,2,2,1,,2,4,3,2,5,2,1,3,7,3,5,2,1,1,
2010221,3,3,2,3,2,4,1,1,1,1,3,,1,2,11,9,15,14,17,13,18,9,18,8,9,4,12,9,15,12,13,13,8,6,7,6,8,11,13,8,9,11,12,7,7,3
2010378,3,2,4,,4,1,,1,,,,,,,3,,,1,,4,,5,,4,2,4,,1,1,3,4,1,1,4,6,2,2,1,1,4,6,8,1,3,3,1
20504201,3,6,2,3,4,2,,,,,3,,2,1,3,5,14,6,4,9,8,3,9,6,7,10,5,8,12,10,8,11,11,10,8,10,15,9,4,7,10,8,7,9,6,
2010353,2,10,1,2,5,3,3,2,,2,3,1,3,5,4,5,9,12,13,5,11,17,15,7,7,6,7,8,10,12,11,12,7,9,5,8,6,7,9,9,6,10,8,3,5,4
2010145,2,,1,,,2,2,,1,,2,,2,,1,,2,2,2,2,1,,1,4,2,1,2,1,6,2,2,2,4,3,3,3,2,1,4,4,3,2,1,2,3,2
2010243,2,6,3,1,,7,2,1,1,,,1,2,2,2,1,2,7,6,3,11,6,6,10,4,6,8,5,3,12,6,6,5,8,13,9,6,6,13,3,7,12,4,2,3,2
2010282,2,3,3,2,2,,1,,,1,1,1,,5,1,1,5,4,4,4,6,4,2,6,3,1,4,7,8,8,4,5,12,7,10,8,6,7,4,1,2,,5,8,6,5
2010284,2,1,,,,1,1,1,,1,1,,2,1,2,1,,,,2,2,2,1,2,1,3,1,4,1,2,3,2,3,6,1,3,,1,,5,4,1,4,2,2,1
2010286,2,4,1,1,1,,,1,1,,,,,3,2,1,,2,5,3,4,4,1,1,4,3,4,2,2,3,2,,5,6,5,7,2,3,6,4,4,4,4,4,5,3
2010191,2,6,1,1,3,3,7,,3,5,2,1,1,1,3,4,6,9,5,8,12,7,4,6,9,8,8,5,16,15,12,12,14,15,18,20,13,21,18,16,17,9,12,11,6,7
2010143,2,4,,2,1,3,1,1,1,1,,2,1,,3,2,2,1,4,1,2,1,3,3,9,3,3,2,3,4,3,2,4,4,8,6,5,4,4,1,1,3,,1,2,2
20501901,2,3,1,,3,2,1,3,,1,,1,2,2,2,7,2,3,5,1,2,3,2,3,5,2,3,4,6,2,1,7,3,8,3,6,1,3,3,2,7,3,6,1,2,2
2010300,2,3,5,4,2,1,,1,1,3,,,,,,,,,,,,,,,,,,,,,,,,,,,,,,,,,,,,
2010369,2,2,2,,,,,,,,,,,2,3,3,1,1,4,2,,6,2,2,2,3,,3,1,5,3,5,7,5,4,4,7,6,3,4,5,7,6,5,1,
2010368,2,1,2,,1,,,,,,,1,,,,,,2,2,1,2,5,2,3,2,2,3,3,2,,3,5,3,3,6,2,2,3,1,1,,2,,,1,
2010358,2,5,6,1,,1,3,2,4,1,,,2,3,2,4,2,5,9,9,3,10,9,5,11,9,12,6,11,7,7,2,8,6,6,5,9,10,6,5,11,8,9,7,4,1
20602601,2,5,3,1,5,4,1,2,2,2,2,3,1,1,1,11,4,4,5,3,6,6,4,6,3,7,9,11,2,4,4,1,7,5,11,1,3,7,7,4,3,7,8,1,2,2
10101202,2,4,,5,,2,1,,1,,,2,2,1,8,6,7,10,8,10,6,10,9,7,12,7,8,11,9,15,11,17,12,10,16,9,6,7,11,7,8,8,7,6,1,3
2010206,2,1,,2,,,,,,1,1,1,1,,,3,,2,5,2,3,4,2,3,2,2,1,4,3,2,1,1,,1,4,3,2,6,5,8,6,7,8,4,4,2
2010308,2,3,1,1,3,1,1,1,2,4,,1,,4,6,5,3,4,2,7,5,4,9,5,8,4,7,13,8,5,12,9,9,8,5,3,6,7,5,7,9,6,5,6,2,2
2010207,2,1,1,,,,1,,,,,,,2,,1,1,4,2,4,1,2,3,4,4,,,1,2,1,3,1,7,4,,,3,3,,,3,1,1,,1,2
2010146,2,,1,1,1,,,,1,,1,2,,2,,2,,2,1,3,2,5,3,,4,,5,4,3,4,3,2,7,5,4,2,2,3,2,5,3,2,5,2,3,1
2010229,2,2,1,2,,,,,,,,,1,,1,,,3,1,2,,2,5,9,6,3,5,6,2,7,5,4,9,7,5,7,14,5,2,9,3,5,5,2,3,
2010262,2,,4,,,,,,,,,1,1,,1,,3,1,1,2,1,3,2,,4,,1,3,,,3,3,1,,,3,1,1,3,1,4,1,3,2,1,
2010242,2,,,2,2,2,,1,,,,2,1,,2,5,3,9,5,8,5,9,11,10,6,5,3,13,8,3,8,6,3,5,2,2,2,3,4,1,3,2,,4,,2
2010177,2,1,2,3,,,,,,1,2,,,2,1,1,,1,6,5,3,5,1,8,2,7,7,5,6,2,10,4,3,5,10,4,6,5,8,8,5,2,8,6,4,8
20602201,2,9,5,2,1,2,2,2,3,,,4,1,1,6,5,4,2,2,6,5,15,6,7,7,5,6,2,7,7,10,6,11,8,6,13,13,12,8,5,13,14,6,7,7,7
20501701,2,1,1,1,,,1,1,,,2,1,,,1,,2,,3,2,3,7,4,7,3,4,4,4,2,2,9,7,5,3,2,2,6,3,2,2,6,4,3,1,4,1
2010167,2,4,1,1,2,1,3,,1,2,,,,,,,,,,,,2,,,3,4,4,2,5,2,7,8,8,7,9,4,1,10,13,6,9,13,12,9,12,10
2010166,2,5,2,3,3,5,1,1,3,3,2,3,1,6,1,8,2,4,9,5,6,9,12,7,10,7,7,7,4,4,8,6,6,7,5,8,8,11,10,7,4,4,4,6,2,7
2010349,2,1,1,1,2,,2,,3,,,,,,2,4,,6,4,1,5,11,5,4,4,4,5,6,5,4,6,3,4,3,6,4,6,8,5,2,5,4,2,3,6,3
2010239,2,,1,,1,,,,,,1,1,1,3,4,3,5,5,10,5,5,9,10,4,4,9,9,14,10,13,11,14,10,12,11,4,,2,5,9,11,3,9,6,4,4
2010274,2,1,3,1,1,2,1,1,3,,,2,4,,1,6,12,4,6,9,16,14,11,8,4,5,12,6,9,4,8,14,9,12,10,8,5,9,9,11,8,4,13,12,6,3
2010209,2,3,2,2,1,1,,,,,1,,,1,4,3,3,9,8,11,10,4,6,4,9,5,8,8,10,16,3,2,12,5,15,5,7,6,3,6,6,4,4,7,1,3
2010350,2,1,2,2,,2,,1,1,1,1,1,2,1,1,2,4,5,3,2,6,7,3,5,4,2,6,1,3,4,7,10,1,4,2,3,3,4,3,5,7,1,7,4,3,3
2010267,1,2,2,4,4,3,3,2,2,2,3,5,3,5,4,5,5,4,4,10,8,8,8,6,9,4,10,4,10,15,11,11,10,8,11,11,11,7,14,10,10,3,12,7,9,3
2010176,1,2,2,,1,,2,,1,,,2,1,2,3,2,1,1,2,1,7,11,6,2,4,4,7,2,5,2,2,4,2,3,6,2,5,5,2,2,3,2,2,7,4,4
2010215,1,3,1,1,4,,2,,,,1,1,3,2,4,7,3,8,9,8,17,6,10,12,10,6,8,6,11,18,9,14,3,9,11,10,6,9,10,6,4,6,4,4,3,3
2010204,1,,1,1,,1,,,1,,,,,2,1,,2,2,4,1,1,2,4,3,4,6,3,8,5,7,3,4,3,2,9,3,,2,3,2,3,1,,4,2,
2010218,1,,2,2,,2,1,,,,,2,1,3,1,2,3,6,7,9,8,2,1,3,5,6,7,2,7,11,6,6,8,8,4,7,6,2,4,5,3,3,5,2,1,2
2010343,1,2,5,3,1,1,,1,,,,1,1,2,5,3,2,4,11,6,15,7,6,13,5,6,6,6,9,9,5,12,12,11,10,6,6,6,9,2,11,11,7,7,9,3
30605901,1,2,7,2,1,1,2,1,1,2,2,,5,,1,1,4,4,9,4,7,11,8,2,3,4,8,6,5,3,5,5,5,8,5,3,6,4,8,8,8,11,3,8,8,8
2010357,1,4,4,,1,1,1,2,,1,1,,1,1,,2,4,2,3,12,11,12,16,10,10,4,8,9,7,10,5,6,7,4,8,5,7,4,3,2,7,5,5,9,8,4
20602301,1,2,2,,1,2,1,,,2,,,,1,1,2,2,2,1,1,2,3,1,1,5,3,1,1,1,1,3,4,1,5,,2,2,1,1,2,3,3,4,6,2,3
2010173,1,,1,,1,,,,1,,,1,,1,1,1,3,1,1,3,1,3,4,3,1,1,1,1,,3,5,2,4,1,1,,3,2,2,3,4,2,2,3,1,1
2010328,1,2,4,5,1,1,1,1,2,1,2,4,2,2,3,3,1,3,3,6,8,10,7,9,7,9,8,6,4,11,5,6,6,7,4,8,7,9,8,13,3,8,1,13,4,4
2010172,1,1,3,,,1,1,1,,,1,,1,,1,,1,1,,2,,7,3,3,1,3,2,2,1,2,3,,1,1,1,2,3,,,4,1,5,2,1,1,1
2010296,1,1,,5,,,1,3,1,,,,,1,,1,2,5,5,2,7,6,5,4,,8,5,3,2,4,5,4,7,5,4,8,1,5,5,3,6,4,3,2,3,
2010294,1,,,,2,,,1,,,2,,1,4,,2,3,3,6,3,3,6,4,8,3,4,4,3,7,5,1,8,6,15,6,7,5,6,7,7,3,4,4,3,1,2
2010169,1,1,,,1,1,,,,,,,,1,,,,1,,2,3,1,1,3,1,3,4,3,1,2,1,2,1,2,2,1,,2,2,2,1,,,2,,
2010285,1,1,1,1,1,,1,1,1,,,1,,1,2,,2,2,2,6,2,2,7,2,1,1,1,4,5,3,2,2,7,3,2,3,2,5,4,2,6,4,1,,1,2
2010235,1,,1,,,,,1,,,,,,,,,,,2,,2,2,1,1,3,1,1,,1,3,4,4,1,3,,5,5,3,5,3,7,2,7,7,,
2010231,1,2,,,,1,,,,1,,1,,1,,,1,1,,,2,1,5,2,5,2,3,5,2,6,5,2,6,3,7,5,6,8,1,7,5,3,8,4,6,
2010279,1,,3,2,1,1,,,,1,,,,,,3,2,,1,,3,2,5,9,5,5,1,2,3,2,1,4,3,5,4,2,4,5,2,4,2,4,3,2,2,1
2010230,1,,,,,,,,,,,,,,,,1,1,5,,3,,3,2,3,,2,3,2,4,2,3,4,,1,,,1,1,1,2,1,1,,1,
2010241,1,,1,1,,,,,,,,,1,1,1,1,1,2,,4,1,4,,2,3,2,,2,,1,2,2,,,2,1,1,,2,,1,2,1,,,1
2010245,,2,2,,1,,1,,,1,,,1,2,1,,,,1,,3,3,2,4,2,2,7,2,1,3,1,2,7,4,1,2,2,,4,6,2,3,1,2,3,3
2010334,,2,1,2,1,1,,,1,1,1,,1,2,2,3,1,1,4,5,2,5,2,3,3,1,2,2,3,1,1,5,2,,2,4,2,6,1,3,1,3,3,,1,3
2010228,,1,,,,,,,1,,,2,,,2,1,,5,3,3,3,5,2,1,3,1,3,4,,4,6,2,1,3,1,2,3,1,,2,2,1,1,,1,3
2010186,,1,,,,,,,,1,,,,,1,1,2,1,1,,1,1,,,2,1,1,,,,2,,2,2,1,2,,4,1,1,,1,2,1,1,
2010234,,1,2,,,,,,,,,,,,,2,,,,2,3,1,2,2,,,1,2,1,2,3,1,2,2,1,1,,1,,,2,,,,,
20602701,,1,1,,,3,,,,,,,,,1,2,2,1,5,1,2,1,,1,,,,,1,1,1,2,2,1,,,1,1,1,,,2,1,1,1,
2010258,,1,1,3,2,1,,1,,1,,,1,1,2,2,3,8,2,3,5,9,,2,1,5,4,2,4,4,2,3,2,9,5,2,4,2,3,1,6,4,6,2,3,1
2010261,,1,,1,1,,,,,,,,,,,1,1,1,1,,2,1,1,2,1,2,1,2,,1,,3,2,3,,3,3,3,1,,,,1,,1,
2010295,,1,2,1,,,3,1,1,1,,1,1,1,4,2,2,2,1,1,3,4,5,1,2,3,4,2,5,4,3,,4,7,6,4,7,3,2,4,3,5,2,2,1,
2010113,,1,,,2,,,,1,1,1,1,,2,3,1,6,6,8,7,9,6,10,4,8,5,4,5,6,6,5,8,9,3,8,4,5,6,7,7,2,6,5,4,4,3
2010175,,,1,1,,1,1,,1,1,,,,,1,,,3,5,,1,2,1,1,3,2,3,1,5,1,2,2,7,5,2,3,2,2,2,2,1,1,,1,1,
2010283,,,1,1,1,,,1,,2,,,2,,1,,1,1,8,2,4,2,5,,,2,3,1,1,4,3,4,1,2,2,2,2,,2,3,5,3,3,,2,1
2010174,,,1,2,2,,,,1,,1,2,1,2,1,1,1,1,1,2,2,1,2,4,2,1,1,4,1,2,2,2,2,3,5,3,2,2,2,2,2,3,2,1,1,1
2010280,,,1,,1,,,1,,,2,,3,,,2,1,1,9,2,,4,1,1,1,,1,1,2,2,2,2,3,2,2,3,2,3,2,5,5,3,4,2,4,
2010236,,,1,,,,,,,,,,,,,,,1,,,,,3,3,3,2,1,4,1,1,1,,3,2,1,1,,1,1,1,,2,,2,3,4
2010240,,,,2,,1,,,,,1,1,,,1,1,3,2,2,,2,1,,1,,3,1,1,3,1,1,2,,1,5,6,3,4,2,2,3,3,3,1,,
20606503,,,,,73,9,9,11,5,9,5,6,5,20,14,21,17,19,24,17,14,12,23,32,27,16,,,,,,,,,,,,,,,,,,,,
2010168,,,,,1,,,1,,1,,,,,1,1,,1,1,1,3,4,2,2,3,1,2,4,1,3,5,4,,4,6,1,4,1,2,2,4,3,3,5,2,1
2010237,,,,,1,,,,,,,,,,,,2,,1,1,2,2,,1,,1,,3,,1,2,4,1,1,1,,1,1,,1,3,1,1,,,1
2010164,,,,,,2,,,1,,,,,,1,,2,,2,1,,2,1,4,4,,,1,,3,1,1,,,3,,1,,,,1,1,,1,1,1
2010373,,,,,,1,,,,,,,,,,1,,,,,2,1,,2,,1,1,2,2,1,1,1,,,1,,1,,1,1,2,1,,1,1,
2010227,,,,,,,,,1,,,,,,,,1,,,,2,1,,1,3,,2,2,,,2,4,,4,3,4,2,3,4,4,6,8,4,3,8,5
20501401,,,,,,,,,,1,,,,,,,1,1,2,,1,2,2,2,3,1,,1,2,1,5,1,2,3,4,2,1,,,,1,,,,,
2010111,,,,,,,,,,,,1,,,,2,,,1,1,1,2,,1,1,1,1,1,,1,,,,1,,1,,,1,,1,,,,,
2010187,,,,,,,,,,,,,1,,,2,1,1,,1,,2,2,2,,,2,3,,,3,2,1,2,2,1,2,2,2,,1,1,,,,
2010226,,,,,,,,,,,,,,1,,,,1,,,,,,,,,1,,,,,1,5,,1,3,,1,,1,1,3,1,1,,
2010170,,,,,,,,,,,,,,1,3,,,1,1,1,1,1,2,1,1,,,1,1,1,3,,3,,1,4,1,3,4,1,,1,1,,,
2010376,,,,,,,,,,,,,,,1,,,,1,,,,,2,,,,,,,,1,,1,1,1,,,,,,,,2,1,
30606701,,,,,,,,,,,,,,,,91,126,123,52,40,40,42,46,51,52,51,52,58,61,64,59,65,79,76,72,65,61,53,56,78,56,58,60,59,53,38
10101002,,,,,,,,,,,,,,,,2,5,3,,,1,,1,2,,2,2,,,,,2,3,2,1,,1,,1,,1,1,,1,,
2010232,,,,,,,,,,,,,,,,1,,1,1,,,5,1,1,1,1,1,3,,1,5,3,2,4,1,2,1,1,1,1,,2,,,,
2010233,,,,,,,,,,,,,,,,,1,,,,1,,,1,3,1,1,1,2,1,,1,4,1,3,3,1,6,2,1,1,,,,1,
