监测点id,2017-05-02 00:00:00-2017-05-02 00:30:00,2017-05-02 00:30:00-2017-05-02 01:00:00,2017-05-02 01:00:00-2017-05-02 01:30:00,2017-05-02 01:30:00-2017-05-02 02:00:00,2017-05-02 02:00:00-2017-05-02 02:30:00,2017-05-02 02:30:00-2017-05-02 03:00:00,2017-05-02 03:00:00-2017-05-02 03:30:00,2017-05-02 03:30:00-2017-05-02 04:00:00,2017-05-02 04:00:00-2017-05-02 04:30:00,2017-05-02 04:30:00-2017-05-02 05:00:00,2017-05-02 05:00:00-2017-05-02 05:30:00,2017-05-02 05:30:00-2017-05-02 06:00:00,2017-05-02 06:00:00-2017-05-02 06:30:00,2017-05-02 06:30:00-2017-05-02 07:00:00,2017-05-02 07:00:00-2017-05-02 07:30:00,2017-05-02 09:00:00-2017-05-02 09:30:00,2017-05-02 09:30:00-2017-05-02 10:00:00,2017-05-02 10:00:00-2017-05-02 10:30:00,2017-05-02 10:30:00-2017-05-02 11:00:00,2017-05-02 11:00:00-2017-05-02 11:30:00,2017-05-02 12:30:00-2017-05-02 13:00:00,2017-05-02 13:00:00-2017-05-02 13:30:00,2017-05-02 13:30:00-2017-05-02 14:00:00,2017-05-02 14:00:00-2017-05-02 14:30:00,2017-05-02 14:30:00-2017-05-02 15:00:00,2017-05-02 15:00:00-2017-05-02 15:30:00,2017-05-02 16:00:00-2017-05-02 16:30:00,2017-05-02 16:30:00-2017-05-02 17:00:00,2017-05-02 17:00:00-2017-05-02 17:30:00,2017-05-02 17:30:00-2017-05-02 18:00:00,2017-05-02 18:00:00-2017-05-02 18:30:00,2017-05-02 18:30:00-2017-05-02 19:00:00,2017-05-02 19:00:00-2017-05-02 19:30:00,2017-05-02 19:30:00-2017-05-02 20:00:00,2017-05-02 20:00:00-2017-05-02 20:30:00,2017-05-02 20:30:00-2017-05-02 21:00:00,2017-05-02 21:00:00-2017-05-02 21:30:00,2017-05-02 21:30:00-2017-05-02 22:00:00,2017-05-02 22:00:00-2017-05-02 22:30:00,2017-05-02 22:30:00-2017-05-02 23:00:00,2017-05-02 23:00:00-2017-05-02 23:30:00,2017-05-02 23:30:00-2017-05-03 00:00:00
10100406,4382,4113,3978,3762,2559,2963,3301,2944,2167,2788,650,831,1150,1847,2606,270,145,178,143,193,633,344,375,191,170,124,687,803,534,1254,2115,2782,4101,4588,4604,4770,4945,4935,5043,4822,4555,7276
30606706,3453,2132,965,569,368,270,224,235,210,261,281,470,933,1554,2363,644,405,376,326,430,1720,831,873,497,237,,,,,,,,,,,,,,,,,
30606707,2870,1628,730,434,279,210,182,201,157,226,248,391,885,1706,2474,563,313,282,274,316,1444,800,673,388,201,,,,,,,,,,,,,,,,,
10100405,2212,1757,1406,1101,897,783,678,640,529,812,650,903,1049,1638,2738,3542,3458,3171,2944,2861,2380,2583,3092,3328,3420,3397,3442,3485,3658,3772,3675,3025,2645,2683,2688,2624,2673,2404,2282,1988,1984,2904
10300201,2068,1985,1759,1745,1212,1372,1570,1455,1251,1644,1474,3033,4358,4914,3877,403,240,190,265,295,1225,682,713,353,177,371,1100,1471,1238,2286,5009,4755,3483,3212,3307,3213,3055,2888,2689,2763,2412,3748
30606704,1952,1349,682,451,268,212,154,168,129,174,196,176,655,1372,1509,453,244,221,216,245,1268,623,599,307,121,,,,,,,,,,,,,,,,,
2010133,1674,1779,1241,797,437,350,286,249,272,256,347,416,573,601,251,313,737,1088,1347,1564,1820,2003,1679,2140,2265,2165,2011,2129,2040,2011,1785,1180,1485,1264,1700,1516,1456,1310,1135,1013,853,1276
10200103,1661,1389,1044,749,644,503,490,432,484,618,686,951,1475,2699,3468,3793,3709,3423,3224,2944,2578,2938,3215,3510,3324,3327,3234,3183,3435,3361,3164,2742,2388,2365,2405,2174,2218,1999,1891,1654,1531,2022
10100403,1516,1109,860,700,495,461,373,330,248,422,374,453,580,1163,2262,660,561,536,331,657,2113,1230,1538,518,580,934,1972,2294,1721,3272,4056,3216,2709,2703,2681,2445,2532,2289,2143,1788,1566,2253
10300207,1500,1181,991,751,609,495,467,416,353,480,449,550,825,1592,2341,473,255,275,212,330,1083,674,825,368,216,363,941,1255,917,1686,3729,4429,4745,4800,4633,4741,4653,4468,4144,4137,3965,6341
10200402,1459,1349,1097,989,852,735,598,570,506,533,521,617,867,1340,1966,2658,2647,2690,2633,2580,2209,2344,2509,2648,2818,2845,2851,2833,2815,3001,2764,2638,2194,2149,2379,2402,2268,2126,2155,1973,1675,2242
10200104,1416,1186,966,754,677,565,483,392,421,451,494,550,840,1797,2859,3320,3081,3297,3102,3325,2623,2856,3157,3427,3451,3655,3783,3793,3904,3957,3934,3595,3122,2837,2574,3113,2702,2750,2490,2039,1756,2371
20204001,1414,1197,983,911,772,818,730,635,475,623,510,577,638,1075,1947,336,57,71,61,70,240,141,133,109,107,230,389,322,271,267,227,224,99,96,370,385,355,397,349,295,269,375
10300202,1381,1144,997,857,796,601,517,406,448,493,590,806,1322,2067,3443,2952,3335,3247,3184,3031,2705,2925,3445,3441,2922,3448,3689,2868,3383,2985,3316,3526,2875,3107,3240,2949,2982,2553,2471,2021,1636,2316
20100301,1336,1041,878,703,590,472,393,331,282,354,348,418,625,1128,2014,2125,2259,2315,2244,2144,1975,2072,2245,2368,2397,2472,2660,2807,2905,2936,2934,2806,2433,2341,2382,2146,2244,2170,1994,1829,1417,2053
2010044,1287,1382,1290,941,682,592,522,493,479,476,489,603,815,1053,1491,1995,1776,1936,1852,1553,1678,1628,1671,1634,1497,1642,1901,1994,1993,1934,1879,1720,1525,1506,1648,1342,1266,1229,1115,966,829,1092
2010073,1279,369,303,214,165,139,78,79,58,91,103,181,307,594,657,285,233,173,171,111,653,456,490,269,136,261,876,1146,863,1467,5148,4824,850,835,719,612,575,464,360,303,290,356
10200102,1270,1040,877,669,605,530,472,409,410,406,497,597,870,1814,2776,2683,2618,2693,2948,2721,2201,2408,2642,2673,2754,3333,3178,3231,3342,3478,3355,3035,2747,2544,2390,2887,2486,2453,2230,1815,1569,2094
10100211,1257,1064,923,895,896,1048,1331,1345,1120,1171,1087,898,1012,1784,3061,1537,1047,1115,981,935,2403,1785,1803,1448,902,1974,3416,3772,2883,4160,3240,2924,2230,2085,2114,2016,2086,1993,1781,1556,1339,1918
30606710,1233,719,195,145,112,82,80,76,63,76,89,167,418,1043,1640,329,252,209,176,203,833,493,466,299,116,,,,,,,,,,,,,,,,,
20501805,1209,471,331,234,194,135,107,123,174,380,457,589,822,1004,1353,1006,760,641,615,572,1709,1151,1291,839,617,1101,2162,2543,1874,2997,2737,2171,1496,1286,1193,1204,1165,1254,1162,1245,1368,2440
20501404,1204,1049,882,685,569,494,401,349,417,446,514,641,836,1446,2692,2372,2466,2454,2366,2150,1885,1934,2223,2441,2592,2440,2352,2266,2564,2383,2403,2375,2007,1887,1938,1837,1781,1765,1659,1523,1304,1826
10100205,1189,1036,805,571,472,374,338,350,317,473,503,581,1006,1941,3409,446,318,293,251,351,1300,680,805,454,225,633,1250,1780,1185,2503,4460,4429,4572,4582,4522,4367,4637,4547,4321,4140,4039,6789
20400801,1167,829,258,176,174,119,91,82,48,98,88,138,308,615,1152,526,368,463,358,346,1223,880,896,405,318,657,1709,2602,1607,3790,2681,1150,892,887,788,758,599,551,460,380,374,404
10100204,1150,909,815,648,662,484,405,356,326,453,417,490,845,1861,3500,568,358,361,328,369,1348,701,777,294,159,430,1029,1358,1067,1910,3760,4408,5117,5015,5180,5024,5045,4946,4914,4534,4383,7113
20501402,1112,917,716,542,407,365,289,270,271,321,339,402,502,978,1507,1501,1581,1668,1573,1585,1292,1419,1473,1666,1714,1799,1869,1979,2049,2135,2238,2248,1935,1817,1855,1766,1836,1728,1637,1381,1079,1731
10100404,1105,907,756,613,559,405,323,293,243,280,235,324,609,1137,2657,396,413,255,250,292,1242,548,650,169,182,334,917,1347,1040,1706,3171,4054,4076,4852,4209,4966,4697,4066,3511,4099,3341,5313
10100206,1096,842,768,614,581,441,368,324,277,392,345,463,773,1768,3769,375,449,361,183,352,1035,651,725,376,122,314,936,1316,858,1540,3165,4137,5022,5106,5129,5082,5086,4838,4813,4515,4315,7037
2010131,1094,871,721,616,506,389,306,278,237,258,230,306,550,1044,2381,1987,1007,1210,728,768,2184,1446,2107,1292,1131,2083,3154,2869,2902,3313,3680,3365,2653,2443,2247,2296,2196,2161,1986,1699,1356,1683
20507303,1092,1009,946,1018,859,615,304,281,235,538,649,878,1101,1237,1290,89,31,37,31,35,1213,702,107,84,38,61,1610,3195,751,5848,12459,6989,1367,2063,1800,1572,1442,1273,1097,1239,1117,1717
20501405,1088,905,855,785,699,618,478,471,444,517,635,875,1320,1824,2371,2605,2585,2461,2366,2278,1930,2214,2540,2681,2778,2613,2725,2684,2921,3081,3178,2764,2343,2446,2103,2024,1948,1830,1643,1433,1232,1797
2010042,1079,1046,860,768,582,577,467,438,418,404,273,240,294,399,546,798,599,601,519,550,1770,970,940,649,496,920,2193,1805,1427,1132,845,830,795,808,678,566,714,611,521,505,443,620
10203801,1076,909,627,402,298,255,218,199,193,251,274,460,822,1507,2160,1742,1665,1791,1788,1670,1475,1601,1843,2015,1837,1877,1978,1863,1956,1738,1758,1617,1455,1484,1367,1349,1188,1109,939,833,757,887
10300503,1065,727,564,424,345,288,218,202,172,215,181,227,342,762,1716,2817,2577,2294,2216,2009,1601,1738,2137,2452,2506,2514,2638,2554,2918,3298,3424,3040,2331,2153,2003,1869,1901,1683,1557,1361,1061,1419
10300212,1044,858,712,809,730,601,663,581,564,647,656,660,1106,1504,1789,1844,2267,2009,1927,2147,1980,1785,2052,2516,2177,2054,2258,2059,2408,1817,2095,2301,1792,1641,2056,1792,1554,1767,1552,1151,1189,1717
20500304,1032,1035,882,728,518,481,361,362,299,365,421,538,1278,2743,2288,2625,2828,2627,2380,2241,2288,2614,2835,2753,2840,2572,2268,2420,2455,2914,2894,2731,2335,1921,2129,2173,1992,1863,1312,1447,1422,1929
10300505,1026,693,554,400,334,261,214,183,156,177,166,182,319,697,1523,2971,2396,2207,2214,2033,1642,1675,2069,2310,2428,2329,2621,2606,2862,3111,3435,2763,2242,1923,1905,1865,1954,1724,1608,1378,1080,1459
20104403,1006,968,821,611,435,350,382,332,321,448,466,691,1384,2075,1031,441,554,803,523,564,2352,1440,1838,858,591,1318,2471,2463,2429,2519,2716,2398,2177,1923,2051,1975,1847,1671,1477,1346,1054,1474
2010043,1005,1004,796,725,566,562,440,408,384,371,262,235,301,384,546,843,687,670,534,502,2095,966,1011,833,554,887,2017,954,1106,949,826,785,742,747,618,540,681,566,497,471,414,559
20507302,996,1089,1035,1161,867,662,321,315,342,753,882,1331,1394,1382,1248,53,45,35,33,70,655,498,132,35,104,37,1567,3090,754,4549,12381,3199,1104,1941,1599,1405,1245,1001,991,1128,1034,1779
20501803,994,826,814,744,653,455,265,252,171,271,198,309,585,894,1404,430,382,423,368,414,1341,912,948,491,342,561,1639,1641,1518,2700,4303,3979,3926,4225,4211,4072,4016,2564,983,1094,830,1333
20104401,979,887,717,544,400,317,302,268,231,290,341,441,951,1974,1734,607,367,426,223,210,1812,964,1223,577,463,761,1871,1567,1706,1661,1566,1717,1758,1850,1836,1696,1598,1514,1353,1247,1034,1448
2010132,966,904,836,777,629,446,454,355,344,323,338,393,683,1224,1733,2016,1900,1813,1972,1927,1768,1938,2031,2043,2010,1817,1961,1970,1994,1824,1977,1978,1691,1662,1507,1560,1506,1284,1198,1008,898,1081
30606702,952,936,1126,1346,1281,1702,2279,2042,1439,2335,2253,1976,1252,1136,1830,1381,1058,861,890,840,2062,1536,1732,1190,718,1390,2875,3269,2363,3745,2850,2590,2187,1878,1667,1484,1518,1389,1305,1059,926,1683
20501409,946,773,677,613,515,450,344,345,313,314,418,542,840,1211,1832,2154,2087,2079,2085,1832,1730,1905,2106,2253,2331,2304,2349,2273,2338,2603,2544,2067,1936,1768,1665,1717,1581,1435,1348,1185,1092,1528
10300213,917,817,685,633,479,418,459,473,405,509,572,529,809,1246,1628,1373,1286,1158,1545,1702,1485,1436,1455,1892,1774,1580,1747,1612,1835,1563,1346,1498,1279,1135,1420,1283,1162,1314,1168,930,903,1329
20501407,916,749,665,599,497,426,334,322,300,306,404,539,798,1184,1770,2027,2026,2013,2049,1763,1664,1859,2019,2141,2154,2202,2219,2181,2245,2447,2297,1986,1881,1725,1626,1630,1520,1345,1302,1139,1023,1469
20104605,874,643,489,396,322,256,237,202,178,180,237,292,687,1181,2001,2019,1868,1917,1776,1774,1637,1616,1851,1982,1961,2030,2098,2066,2052,2052,2093,2110,1840,1804,1800,1824,1786,1605,1405,1307,1010,1279
20100306,860,953,758,620,469,387,337,295,273,305,344,502,1026,2638,2345,2825,2726,2444,2405,2047,1922,2295,2477,2644,2466,2493,1773,2696,2170,2468,2420,2308,1886,1769,1762,1747,1630,1487,1431,1240,1312,1719
20501406,852,817,662,573,509,417,324,325,288,274,343,480,626,1043,1802,2084,2180,2057,2238,1993,1513,1678,1842,2110,2201,2138,2128,1899,2241,2044,2075,1985,1721,1640,1519,1544,1383,1379,1186,1108,914,1337
2010030,830,559,434,211,118,93,62,75,81,68,84,99,143,254,351,325,381,412,433,428,337,276,513,564,640,627,796,771,771,885,672,506,492,437,406,376,299,275,251,198,148,182
2010054,809,670,525,422,356,228,174,179,127,175,110,188,287,524,1117,862,774,864,674,649,1556,1130,1277,988,593,1232,1999,2523,2112,3459,5406,5355,2310,1973,1933,1793,1965,1718,1593,1415,1107,1567
2010019,806,799,604,474,374,328,252,242,233,290,394,544,634,749,678,687,611,604,539,573,574,577,586,571,601,534,538,555,591,559,600,626,605,602,550,519,564,522,472,559,605,1118
20501811,786,694,646,476,343,233,163,150,138,150,218,275,420,836,1321,2103,2147,2053,2068,1804,1510,1649,1894,2084,2193,2107,2109,2096,2037,1847,1599,1598,1363,1417,1385,1249,1241,1205,982,878,795,1113
20501810,774,739,667,595,522,427,321,309,295,432,269,313,558,849,1264,1679,1231,1264,1117,1128,3922,2515,2295,1594,1019,1952,4414,3533,2885,2253,2005,1596,1392,1322,1246,1157,1190,1104,935,811,675,954
20602404,770,675,452,294,218,205,166,158,141,185,225,341,429,602,841,504,265,347,216,208,768,493,663,412,359,691,953,897,1069,983,1095,988,826,755,710,623,578,485,472,442,395,530
20104404,744,713,461,432,324,342,293,249,235,273,324,373,752,1280,2501,434,274,361,176,254,1065,670,841,371,269,769,1305,1228,1237,1247,1243,1106,846,831,1014,995,1004,883,818,821,708,1023
20501403,742,693,564,568,478,453,336,347,326,391,469,688,1119,1638,2168,2100,1961,1711,1644,1572,1343,1662,1800,1956,1869,1825,1751,1770,1886,1836,1830,1622,1356,1538,1327,1308,1254,1258,1166,1072,882,1346
20504602,741,596,447,389,361,308,233,262,200,293,269,309,487,840,1199,449,353,361,258,297,1121,663,702,451,314,394,1117,1454,1194,2234,4095,4314,4806,4778,4802,3664,1826,1449,1272,1099,937,1354
2010250,721,597,472,371,260,233,216,177,193,230,241,260,344,658,863,788,1020,1212,1143,1075,874,1001,1143,1255,1392,1154,1191,1184,1216,1319,1333,1225,1106,1090,1065,1043,1150,1023,968,855,718,1110
2010040,718,622,539,477,382,315,265,237,214,235,145,155,202,235,357,679,414,451,390,400,1926,650,826,617,402,746,1785,904,1020,932,873,836,676,678,559,440,477,456,356,334,274,365
10203802,713,628,490,374,330,273,252,224,214,261,293,400,726,1438,1893,1705,1825,1826,1872,1638,1352,1527,1646,1816,1713,1894,1809,1701,1819,1576,1669,1375,1341,1329,1359,1348,1220,1166,1037,886,756,977
20507301,689,819,723,612,366,261,153,221,372,873,932,1121,1310,1119,1206,51,20,28,24,20,852,491,118,74,83,44,1223,2407,1061,5418,12305,1477,1362,1300,1034,1023,891,920,793,846,788,1417
2010135,683,553,561,517,478,343,267,195,177,240,247,324,489,724,1127,44,25,16,16,24,109,93,53,29,32,44,216,424,145,904,1704,1962,989,1022,1138,920,867,857,742,690,672,911
30606708,683,554,462,368,291,247,201,159,137,200,138,206,350,838,1584,908,538,467,467,543,1751,1159,1167,607,272,,,,,,,,,,,,,,,,,
20501802,667,649,632,555,428,353,303,315,254,375,218,293,437,599,836,489,307,231,261,285,947,544,606,346,131,325,1049,1170,972,1809,3256,3487,3976,4164,2718,858,856,800,723,619,510,755
20507304,654,811,630,466,340,217,167,234,406,824,936,1151,1174,1272,1360,97,56,34,26,53,301,512,128,37,147,49,1312,3037,1041,5505,15382,2492,1514,1289,1215,1148,1102,1033,860,773,639,1189
10306101,624,537,412,336,328,291,286,283,273,341,322,376,668,1146,2143,1989,1941,1709,1518,1436,1256,1329,1670,1733,1672,1663,1622,1594,1637,1546,1569,1389,1154,1235,1287,1064,1080,980,867,763,662,966
20602406,605,552,344,244,260,275,186,215,211,326,308,324,260,487,558,640,704,615,545,584,772,772,937,820,588,839,1157,864,1062,880,852,674,482,505,429,450,401,395,350,338,321,489
20501807,600,507,364,250,158,121,116,131,208,340,509,630,885,1102,1345,1830,1778,1723,1707,1520,1337,1507,1638,1731,1731,1866,1840,1818,1922,1885,1703,1925,1479,1374,1245,1167,1162,968,848,672,615,732
20300615,586,542,438,329,302,262,223,190,170,219,219,289,328,515,804,901,971,901,883,834,706,754,843,889,912,927,951,993,1047,947,1088,1051,937,998,923,861,902,869,879,738,609,993
20605302,573,527,503,404,338,347,310,311,328,398,383,508,739,1045,1305,1268,1260,1065,951,938,813,1005,990,1089,1014,1038,1011,1020,1036,1003,959,853,769,789,806,779,791,733,707,714,607,967
20504202,558,511,417,323,253,172,153,117,110,101,109,150,236,416,947,1210,1340,1295,1231,1282,1067,948,1330,1475,1380,1434,1565,1601,1695,1778,1824,1777,1601,1524,1431,1392,1518,1329,1263,1127,893,1242
20104402,535,507,416,340,279,299,230,216,172,221,266,383,738,1146,1920,464,253,316,137,202,1532,837,1061,531,336,723,1937,1392,1797,1706,1714,2116,1907,1860,1805,1679,1596,1445,1434,1088,907,1206
20104607,531,572,436,358,238,213,153,160,172,151,199,326,690,1628,2143,1967,1899,1796,1570,1520,1194,1582,1692,1660,1936,1681,1630,1594,1727,1819,1857,1774,1518,1379,1347,1233,1203,1183,957,859,732,978
20606602,530,334,203,142,94,87,70,72,87,82,103,198,495,1107,945,980,1053,936,865,796,787,883,927,1024,998,964,1033,950,1061,946,926,773,716,705,591,554,525,463,475,356,310,347
2010038,518,429,396,311,274,219,172,172,145,180,86,111,142,173,263,624,420,439,368,355,1418,496,662,568,338,592,1192,663,751,652,629,570,499,523,417,359,345,335,265,245,194,240
20605301,509,419,427,341,306,314,266,251,235,277,305,359,434,684,737,774,725,732,726,724,697,769,796,745,766,718,756,808,930,829,917,1001,945,912,876,941,862,898,878,766,669,977
20602602,508,451,371,346,234,265,237,202,158,176,153,178,223,355,460,538,557,575,590,585,482,529,588,632,636,617,642,702,678,720,672,689,641,667,678,697,700,637,634,640,542,793
20504604,507,392,294,260,260,212,185,201,150,252,225,287,458,963,1514,287,278,241,238,297,895,509,610,313,92,233,975,1191,943,1768,3376,3679,4172,4367,4296,1772,946,910,749,699,622,933
20602603,506,455,397,331,289,223,221,206,186,183,211,269,419,614,763,623,674,677,632,573,579,673,706,711,761,712,732,755,749,723,716,613,597,646,592,697,691,629,586,619,636,699
2010036,496,416,380,313,263,224,176,163,136,155,78,130,184,334,503,866,545,520,485,456,1793,655,836,669,439,729,1512,815,972,848,817,742,646,652,521,454,424,418,312,311,238,305
2010017,492,463,404,435,367,341,299,293,280,248,287,255,346,472,432,499,504,467,474,521,551,615,636,535,621,620,617,651,498,599,601,606,643,656,699,654,712,633,603,592,561,920
20606606,492,318,228,173,152,106,115,106,144,151,149,213,318,474,558,599,653,695,679,647,580,570,653,747,786,713,781,811,919,957,962,806,727,587,531,552,494,469,424,300,285,348
20101816,490,390,423,332,337,216,178,129,94,131,122,167,330,531,874,32,23,20,10,21,121,106,46,26,25,28,173,365,153,920,2117,2218,827,850,885,755,774,746,617,605,505,802
20502004,472,383,286,240,187,142,121,125,106,120,136,212,315,877,1393,1560,1345,1274,1214,1036,951,1034,1193,1225,1175,1198,1107,1201,1114,1086,1026,926,970,995,968,994,956,886,803,815,560,798
20606604,467,288,170,120,83,63,71,62,76,75,87,185,496,1075,1140,874,943,828,745,705,730,797,834,909,916,855,934,917,987,867,847,633,646,622,537,503,469,386,405,302,272,333
10100612,458,276,242,234,196,152,126,109,89,74,71,85,122,244,808,1108,1073,994,1034,960,686,752,989,1086,1226,1186,1116,1077,1148,1210,1288,1059,905,766,748,706,695,623,566,501,401,609
2010010,445,208,157,134,97,72,54,39,39,47,80,119,169,285,285,348,351,409,381,410,425,490,506,536,526,573,626,615,669,792,728,671,562,503,458,422,361,268,231,169,168,182
10103502,443,354,282,222,239,167,161,135,109,125,116,183,251,556,1372,1390,1260,1240,1135,1089,813,878,1106,1360,1312,1190,1280,1306,1328,1282,1210,1154,1011,924,945,918,897,736,756,556,550,721
20501804,436,435,406,293,112,,,,,,,179,372,596,204,,,209,205,229,806,501,551,272,147,369,953,1019,844,1660,3055,3188,3773,4073,1785,832,805,726,673,94,,
2010018,433,413,349,346,272,254,238,216,158,203,163,197,332,498,746,57,1,1,8,49,230,671,81,34,11,4,1218,2841,1035,5587,1974,560,559,636,632,657,575,545,586,560,553,895
20101813,433,353,270,193,119,104,86,105,121,204,268,355,500,642,972,619,392,439,349,364,1222,793,811,531,323,561,1531,1767,1270,2222,2416,2697,2656,2574,2635,2633,2778,2571,707,515,468,560
20301815,428,329,339,289,265,171,134,113,78,111,89,134,224,398,593,30,26,15,15,14,100,69,33,22,24,27,181,302,147,800,1640,1729,726,718,743,688,590,609,484,526,408,645
30606002,427,390,217,220,209,168,180,148,148,233,181,317,610,870,869,818,782,816,812,812,853,954,967,918,649,524,722,810,586,798,598,708,668,717,689,640,608,646,576,491,415,521
2010046,424,369,295,265,265,221,227,250,256,296,255,351,392,461,641,718,726,616,661,633,577,578,617,681,720,676,727,704,718,738,662,729,603,661,620,499,553,499,464,385,358,590
20504203,423,256,230,187,149,112,100,102,74,85,86,144,311,831,1725,1621,535,1271,1036,1028,817,877,404,1335,1251,1172,1121,1130,1179,319,1138,990,877,865,924,854,209,792,638,596,471,672
20501809,422,396,381,285,282,194,128,122,84,161,182,195,255,428,580,961,872,842,724,797,1489,829,1106,978,774,1036,1425,870,922,753,533,283,681,657,712,676,620,581,558,472,421,609
2010053,419,256,212,197,154,109,102,103,82,96,87,139,373,896,2152,1781,1622,1380,1132,1125,901,996,1498,1399,1296,1214,1216,1185,1180,1132,1153,1034,842,916,997,901,911,878,713,639,529,730
10103501,418,361,304,247,227,176,130,116,111,120,135,196,352,490,948,1340,1188,1145,1159,1063,818,797,996,1203,1182,1188,1270,1241,1315,1476,1536,1239,939,924,907,845,893,838,734,560,540,682
20606603,418,388,289,243,225,191,162,158,148,136,125,185,318,512,1109,1297,1257,1206,1008,1099,897,889,1076,1166,1225,1197,1306,1285,1524,1763,1790,1709,1253,1159,984,980,904,953,753,734,544,698
20301814,413,345,252,191,121,99,73,95,115,187,259,325,445,557,867,490,297,346,312,277,1029,651,651,422,225,434,1093,1362,1014,1958,2286,2123,1603,1481,1667,1271,1624,2355,2318,2970,559,511
20602403,409,316,272,237,154,148,125,93,98,113,117,138,209,335,603,489,293,331,202,231,702,473,576,314,309,519,790,723,701,731,711,695,621,605,607,568,574,496,479,467,376,528
10300602,407,315,300,268,259,177,159,128,118,109,178,206,389,689,1333,1807,1550,1256,1137,1050,851,963,1088,1249,1264,1238,1196,1178,1195,1206,1238,951,909,913,914,841,877,796,737,652,498,756
20504601,405,435,374,304,287,230,175,201,166,189,209,345,738,1606,2450,895,527,573,485,458,1787,1094,1190,629,410,807,1763,3290,1685,4656,8078,1454,1139,1181,1143,1004,1069,1067,810,744,632,916
2010123,403,452,362,310,257,218,176,195,183,158,213,339,728,1602,2142,1706,1668,1407,1362,1273,1188,1396,1585,1411,1380,1540,1564,1524,1486,1546,1519,1431,1147,1172,1158,969,1049,1062,794,723,625,878
20504603,386,339,350,279,303,239,143,191,160,186,207,355,581,828,1052,885,704,702,635,573,1327,969,1097,936,579,990,1564,1667,1388,1586,1323,1367,1344,1288,1242,1027,1080,1035,1022,1004,1044,1957
20502003,382,389,336,265,218,167,127,80,85,93,118,176,248,1109,1186,1279,1209,1141,1091,1015,1040,1061,1152,1182,1263,1206,1317,1413,1352,1477,1416,817,919,964,925,904,861,702,637,528,436,606
10100603,381,272,254,226,180,170,104,117,93,72,82,90,143,365,895,1595,1401,1365,1273,1260,923,1005,1251,1460,1481,1529,1429,1466,1558,1812,1575,1477,1293,1068,993,960,962,823,758,567,484,648
10101003,381,276,258,203,186,140,121,111,104,138,96,133,209,424,1096,1136,1078,989,912,828,722,771,955,1050,993,984,942,843,936,928,869,830,724,670,632,643,661,640,601,493,438,621
10100604,376,351,316,243,256,187,153,124,105,81,89,110,191,413,1071,1650,1544,1419,1312,1280,1002,1072,1335,1444,1538,1534,1495,1432,1479,1636,1741,1436,1091,1020,968,891,827,746,675,564,503,650
2010020,357,229,179,128,105,82,84,66,61,69,68,150,289,315,399,570,567,604,603,611,509,523,541,607,671,754,793,834,906,1013,968,900,748,677,749,670,700,626,552,467,415,510
10101004,337,306,243,211,182,170,125,104,79,89,69,105,141,384,735,822,881,871,983,830,659,675,783,861,895,965,923,859,896,919,882,886,706,694,745,784,772,709,682,530,487,637
20104606,335,280,194,162,139,82,92,74,72,62,82,120,335,537,906,814,717,786,769,695,689,693,739,843,789,858,840,830,822,856,923,894,841,737,740,805,736,716,582,561,379,556
2010025,334,259,239,146,137,110,109,87,106,133,106,169,282,496,776,770,731,723,760,646,557,600,709,810,843,855,930,877,805,743,745,681,662,735,592,627,493,536,422,322,314,463
2010021,332,224,170,122,120,80,76,68,51,93,62,111,265,303,398,503,364,383,317,202,1276,859,688,509,290,595,1874,1456,1014,1016,748,779,722,685,735,678,675,620,546,463,439,547
30606709,328,272,190,159,132,114,81,70,58,72,52,87,192,415,869,549,335,301,227,314,1087,692,742,425,207,,,,,,,,,,,,,,,,,
2010026,324,282,205,186,142,135,102,105,81,80,87,129,221,434,693,772,754,842,767,749,626,654,696,813,766,826,820,775,815,870,887,815,687,672,626,644,570,500,500,374,327,506
2010045,309,239,205,178,191,181,163,153,158,157,165,223,338,598,886,751,944,892,851,784,640,709,821,861,883,800,814,731,705,633,791,725,611,607,607,615,628,545,507,450,427,522
20507403,309,414,397,425,332,200,102,190,397,691,942,1204,1302,1229,1004,891,914,848,919,818,800,857,790,847,808,765,930,886,799,831,721,689,667,719,708,645,566,436,429,462,347,670
20602104,307,261,260,179,158,138,104,87,77,112,102,155,299,488,861,263,174,146,139,196,1978,1514,389,239,264,200,3566,1066,1297,1132,981,497,488,452,411,369,343,316,255,243,207,282
30701903,301,260,208,186,142,138,85,85,80,57,71,104,121,322,611,764,824,793,820,787,563,541,716,863,892,897,991,968,941,1020,949,914,836,747,717,654,614,575,474,426,322,453
20400806,300,244,184,165,129,109,116,78,68,93,94,143,222,565,1120,1122,1358,1254,1389,1253,920,1030,1161,1291,1292,1204,1088,1067,965,936,784,702,656,681,720,636,615,572,513,404,342,459
10101001,298,260,206,171,122,105,95,91,59,79,84,146,232,562,1473,1172,1194,1153,1102,1027,758,779,1016,1197,1103,1112,1109,1168,1331,1250,1093,910,779,756,715,720,846,791,597,465,380,468
20507402,294,392,389,401,290,183,109,190,422,717,975,1287,1307,1247,1025,928,930,918,959,852,839,862,823,861,807,779,940,902,813,834,715,727,716,744,669,620,521,410,418,450,357,644
20503401,290,218,179,172,170,132,99,102,88,86,113,204,274,497,899,895,773,815,677,701,577,623,710,758,782,771,813,870,901,976,870,790,669,625,657,566,498,475,465,424,340,473
20400805,286,241,179,149,129,113,110,74,61,87,93,135,209,604,1114,1113,1332,1266,1373,1241,924,1000,1161,1257,1253,1177,1060,1041,957,922,786,680,655,683,697,618,603,551,509,395,323,449
2010062,284,232,138,118,79,82,50,62,67,63,53,91,134,263,499,520,488,493,484,451,353,370,415,513,513,487,538,526,529,542,506,445,405,371,373,353,315,288,272,238,186,236
20504901,275,256,198,139,107,119,92,69,62,52,66,78,126,304,565,821,757,657,681,626,521,578,740,657,702,688,736,811,765,759,841,757,731,722,654,622,638,579,596,457,396,535
20503402,274,236,216,164,131,109,88,78,79,76,74,129,214,322,528,871,863,778,700,751,559,622,670,840,803,833,841,911,921,999,1054,1046,915,758,722,657,603,514,462,408,378,418
20606601,266,251,191,150,114,115,99,89,85,61,68,113,216,392,758,866,858,872,799,780,648,686,753,847,858,895,916,958,1097,1252,1278,1122,625,603,505,492,489,534,441,387,314,397
2010119,265,242,154,110,93,84,88,75,84,88,93,131,162,265,325,372,359,374,359,335,258,281,373,394,437,438,496,429,462,426,382,412,312,318,326,297,274,247,218,202,149,235
30701902,264,261,223,196,173,110,96,89,69,78,101,127,257,491,824,815,791,799,763,788,562,608,740,843,845,903,921,901,879,901,809,665,646,621,616,554,522,458,396,357,264,354
2010052,260,188,169,100,142,96,53,79,55,87,59,87,185,436,1053,750,557,555,495,402,1033,837,826,672,305,774,1014,692,806,758,785,604,597,555,519,525,541,454,414,414,302,466
30606705,259,201,171,116,104,71,52,39,36,45,34,59,154,458,764,1043,1064,1029,1005,903,722,855,978,1028,1024,1046,1044,1128,1120,1204,1132,1068,930,857,759,682,674,644,603,478,397,438
20501808,251,279,271,223,214,152,134,156,96,173,89,107,68,149,266,489,584,539,438,492,350,423,495,534,507,681,485,455,490,438,380,343,294,274,286,278,289,260,225,210,169,288
20605101,251,197,176,145,115,123,84,74,64,58,48,75,140,264,437,591,591,602,554,564,434,497,655,674,646,693,711,740,693,722,713,667,569,613,557,506,464,524,420,347,302,410
20300701,248,200,163,122,111,74,69,53,47,51,72,75,142,260,467,638,699,681,623,597,432,488,542,610,687,667,657,683,620,771,785,684,554,475,505,470,475,445,387,314,251,336
20200905,248,215,178,157,122,90,88,80,68,68,90,88,168,286,516,548,584,562,558,592,488,474,577,611,541,610,610,717,699,743,848,789,775,653,608,596,631,585,507,483,368,491
10107802,247,161,122,118,130,105,90,85,94,56,70,96,125,306,460,587,578,569,511,526,397,454,506,543,529,495,507,595,612,625,563,529,500,521,494,492,457,501,427,343,257,337
2010047,242,183,163,119,157,110,67,60,55,73,89,105,176,343,692,663,497,556,423,415,1024,820,782,648,425,776,966,731,713,688,703,675,640,568,558,547,524,549,458,397,297,421
2010031,242,180,161,146,102,88,67,72,72,65,79,114,160,256,390,588,654,663,636,631,466,536,604,736,583,504,510,497,493,534,406,410,326,406,431,424,386,362,313,299,253,367
20200906,241,197,114,117,86,75,56,58,51,46,50,49,106,325,1085,1029,449,426,384,408,329,384,490,498,483,464,968,1020,1042,1037,1057,845,467,477,451,354,328,333,308,286,230,299
20504204,234,187,183,145,125,90,93,90,68,51,61,75,89,153,239,385,438,454,414,415,350,377,391,447,587,495,502,515,484,499,451,462,372,477,452,407,415,377,354,286,265,321
2010009,233,178,112,90,80,58,49,36,37,31,40,61,118,270,517,936,716,660,711,682,526,543,626,703,792,724,834,765,825,781,803,728,667,565,565,557,590,495,437,408,268,381
20605202,232,153,168,133,111,106,101,79,74,88,108,111,153,306,477,645,627,634,548,539,468,480,518,593,588,563,596,633,702,677,702,603,523,554,492,494,465,465,427,376,293,399
2010048,227,201,151,110,155,105,71,64,63,97,73,125,190,398,688,546,463,495,412,371,913,781,683,585,367,661,1012,685,748,671,695,620,564,600,554,579,569,543,517,386,347,422
20807202,225,151,112,114,59,61,48,37,29,45,37,41,77,187,357,299,149,218,127,121,343,201,232,174,157,309,509,344,407,490,367,221,185,270,251,261,248,227,203,196,148,180
20504205,222,163,169,145,106,104,85,76,71,60,72,94,160,247,337,461,444,512,471,447,357,389,424,531,561,512,541,522,511,390,417,377,374,385,409,371,356,363,313,322,208,320
20602405,221,166,158,141,130,125,91,91,84,109,92,131,131,375,621,892,790,735,646,693,1741,1372,1079,809,653,875,2363,896,925,762,764,715,600,664,584,540,518,504,513,518,432,704
30602504,221,159,165,146,129,140,117,114,118,126,123,173,240,371,503,498,531,527,493,461,389,455,499,529,561,475,558,512,539,482,455,391,420,434,380,346,325,329,254,228,196,288
20400802,221,182,144,108,119,113,61,78,44,85,75,82,154,476,884,583,403,410,330,340,1235,804,822,436,287,545,1489,2549,1296,3677,1340,697,701,751,599,532,542,538,502,391,329,358
2010122,220,148,100,100,90,58,51,52,43,47,64,88,136,220,339,405,370,382,396,371,285,375,369,428,439,412,411,394,411,453,474,373,347,315,366,298,264,231,191,152,137,235
20606605,220,202,192,168,140,136,164,134,119,138,134,181,255,444,796,880,823,793,697,643,508,597,643,756,773,681,640,656,698,643,675,552,516,495,436,417,403,408,333,349,250,372
20101817,220,221,209,157,156,100,90,67,48,81,61,77,158,259,381,20,14,9,14,17,76,63,21,19,13,24,89,197,102,560,1269,1272,506,473,521,425,460,409,338,334,291,451
20602103,217,182,135,103,102,92,71,56,67,71,78,97,224,418,775,233,151,123,116,163,1766,1752,349,219,232,191,3761,4180,1191,950,807,713,543,543,488,422,425,435,346,300,256,337
20605402,214,153,106,66,61,39,32,25,31,29,38,52,86,234,397,461,414,374,430,408,324,329,479,521,466,501,526,576,552,650,685,542,438,460,456,488,433,381,328,203,174,199
2010024,212,187,150,141,82,68,48,39,32,38,37,47,109,195,266,428,457,492,472,455,282,407,412,488,514,544,498,530,496,526,439,421,367,367,449,426,351,308,261,208,196,235
2010070,212,52,37,32,19,20,11,13,11,9,4,10,17,26,57,79,70,74,97,113,140,113,127,159,175,145,159,181,176,222,147,148,124,104,84,88,63,69,74,83,66,70
30707902,211,181,175,150,99,63,64,52,48,50,53,75,146,287,612,491,517,498,450,453,341,403,560,525,482,521,554,570,541,443,481,468,438,442,423,410,374,344,323,265,224,257
10107801,208,181,141,137,115,100,74,80,80,66,61,83,144,345,618,700,576,487,494,464,386,363,448,510,497,455,554,545,518,546,612,580,415,415,430,443,447,374,313,305,281,352
2010003,206,137,128,122,71,60,43,63,46,40,29,50,76,177,506,835,733,688,694,677,541,548,694,879,881,862,918,926,1092,1054,1056,894,721,654,563,512,519,449,416,343,297,379
2010134,206,237,250,250,173,104,74,82,100,140,217,268,320,325,348,479,486,497,551,488,514,499,565,525,518,528,518,650,623,604,512,421,488,598,424,409,367,313,309,301,257,467
2010072,204,167,124,102,74,73,71,42,48,59,66,104,166,403,800,754,907,869,1041,880,645,720,804,929,880,833,706,731,630,590,524,448,437,440,454,396,403,355,322,254,237,319
20504501,202,169,175,143,108,97,94,86,45,60,49,125,227,241,363,460,465,485,446,445,449,433,447,555,561,565,634,644,698,587,654,569,408,427,411,363,357,342,289,245,209,309
2010004,201,135,126,117,70,59,42,68,44,43,27,49,71,178,502,836,745,674,717,685,557,553,694,876,866,877,920,924,1088,1061,1049,900,686,80,,222,251,105,160,401,273,367
2010041,200,146,102,81,79,72,45,38,48,56,37,60,120,278,568,715,544,450,349,429,1571,1064,958,544,317,589,1608,1238,727,577,440,399,328,337,387,412,324,306,263,252,187,223
2010039,199,135,107,79,62,73,47,51,47,58,42,69,138,328,596,594,387,356,318,372,1163,808,800,482,318,536,1511,1910,1024,1632,425,399,335,354,394,396,333,292,272,242,185,223
20101812,198,176,130,99,63,44,49,53,63,130,134,219,257,363,521,568,295,331,317,351,1087,871,775,520,324,613,1480,2095,1291,2347,1974,802,624,546,532,554,455,381,365,263,259,321
2010002,197,136,128,121,71,60,41,58,43,39,26,50,75,181,507,848,743,694,696,677,524,558,697,885,880,864,912,928,1088,1049,1039,883,720,651,571,511,525,479,418,334,290,419
20605102,191,198,197,124,124,104,72,77,58,53,51,49,100,214,447,548,582,616,615,526,427,447,553,624,605,631,596,627,629,561,585,515,454,519,453,461,432,402,398,341,266,345
2010063,187,146,108,75,81,47,54,43,34,31,46,57,87,190,420,464,474,423,433,457,326,359,511,435,447,492,532,526,542,541,532,579,484,407,406,409,336,308,301,241,212,255
2010005,181,117,106,67,59,36,51,40,30,29,30,41,83,121,189,313,300,344,322,352,247,276,281,356,378,432,445,497,570,565,573,578,451,421,451,419,411,380,358,276,239,293
2010120,180,137,119,111,83,74,85,73,77,85,94,117,166,222,360,402,359,383,425,405,260,298,320,412,402,395,390,412,436,460,408,356,315,345,356,280,293,220,236,186,156,202
30608002,179,128,97,101,82,53,61,69,86,90,62,94,133,175,216,239,247,242,234,238,239,218,229,296,295,296,341,361,230,365,356,370,248,262,250,247,196,202,175,131,120,153
2010064,174,103,106,98,96,52,43,39,36,42,37,48,80,169,359,396,465,411,385,436,100,554,432,417,347,465,524,246,815,539,550,577,476,422,402,377,324,317,285,253,202,255
2010117,171,144,104,88,82,86,90,64,59,82,75,129,169,214,274,279,290,277,276,310,235,274,309,328,286,303,346,319,279,330,345,307,269,232,286,300,238,251,200,199,159,200
2010118,169,136,140,130,105,92,74,102,77,68,85,106,148,251,353,343,356,317,353,325,230,276,344,365,368,376,345,335,412,368,327,345,308,292,284,272,257,252,199,232,137,214
2010055,169,130,105,75,81,78,44,35,41,55,47,35,65,129,328,397,490,515,413,378,386,362,455,532,314,636,536,532,517,594,595,602,498,485,475,424,432,378,340,266,200,234
2010061,165,147,108,78,64,58,60,51,68,69,74,113,176,279,401,469,467,423,432,414,403,384,460,526,535,517,522,501,565,612,618,643,483,394,388,366,330,329,283,220,194,266
20605201,163,179,147,95,76,69,50,39,37,27,48,65,153,330,487,507,469,429,405,370,308,328,433,494,460,514,533,600,587,643,653,756,595,448,383,349,335,343,280,252,194,268
20504802,162,146,146,112,98,75,62,60,41,53,59,68,79,117,156,269,258,274,240,257,199,204,251,265,252,277,294,315,321,264,282,310,308,302,267,258,236,238,224,184,200,250
2010077,161,129,106,79,53,61,62,58,43,40,48,69,88,104,157,198,165,174,177,189,145,178,194,206,187,200,161,147,151,167,177,181,188,188,193,204,182,210,178,156,147,178
30707901,161,154,131,109,71,60,36,35,37,32,53,69,104,271,447,449,488,460,465,521,401,382,460,505,626,553,583,591,607,674,635,550,486,396,441,353,329,300,323,249,196,235
2010121,156,127,109,107,73,60,46,40,45,42,45,57,84,142,262,374,352,348,357,378,274,359,378,372,393,371,368,352,385,395,398,335,307,356,358,279,294,262,224,173,163,182
20402801,152,157,117,124,88,94,89,101,92,124,120,135,145,239,312,243,133,172,85,96,341,198,279,175,152,262,316,286,294,272,257,287,232,236,281,263,189,210,237,192,149,259
2010078,151,124,89,73,54,60,38,48,36,52,49,58,97,139,200,207,181,187,186,211,219,204,196,234,267,239,233,207,237,285,260,253,258,233,221,227,245,210,180,152,127,185
30603301,147,132,71,62,33,42,30,29,21,30,33,63,101,282,449,155,131,82,50,99,1108,160,233,91,79,89,1238,375,507,417,417,237,146,257,235,216,183,188,168,128,104,156
10101302,146,142,106,90,104,56,56,40,51,43,32,63,62,129,516,482,492,576,540,545,464,400,554,574,672,618,733,705,757,814,831,741,598,529,505,461,415,395,327,283,211,296
20602106,143,112,83,77,41,41,47,34,40,59,51,70,175,295,556,227,155,122,123,167,1911,220,358,200,260,200,2322,443,743,597,576,332,378,374,321,317,304,271,211,166,148,211
2010125,143,161,90,76,63,47,41,29,25,21,45,70,234,690,1978,1313,1119,807,655,501,368,493,605,676,638,610,640,656,592,526,509,491,367,344,356,334,291,298,270,260,209,349
2010124,143,167,96,77,64,47,43,27,24,23,47,75,242,726,2046,1318,1104,802,653,506,379,506,615,685,639,623,651,657,601,535,523,496,371,352,356,334,291,297,267,259,211,353
10403701,139,100,72,61,39,34,22,20,29,26,32,42,67,163,230,239,241,220,242,218,206,194,251,258,248,251,220,284,308,312,301,241,206,219,204,176,191,173,184,139,113,120
20605401,139,111,71,65,65,48,19,29,24,19,27,31,72,187,382,500,453,433,428,361,260,308,398,402,428,457,441,500,467,463,454,453,353,373,325,332,349,316,281,208,138,200
2010141,137,139,108,104,84,54,75,54,46,42,54,48,95,394,355,440,397,372,374,364,321,359,377,339,359,277,408,422,415,416,448,467,389,412,398,376,401,382,342,255,228,311
2010050,136,106,99,94,70,80,51,53,64,84,66,99,145,242,513,599,522,546,443,395,366,430,566,513,347,716,503,550,648,563,522,480,382,382,331,313,314,284,235,199,146,247
2010074,136,92,76,72,37,48,38,27,10,12,22,27,96,346,568,380,367,297,312,262,233,260,364,399,312,404,327,313,345,332,325,259,174,166,255,220,208,215,237,196,161,149
20204101,132,112,103,78,59,57,60,69,79,117,118,163,94,90,181,181,202,190,208,218,187,172,187,191,226,221,282,320,396,392,258,297,249,243,189,222,227,237,207,183,152,210
20605001,131,106,65,67,50,39,24,22,15,24,14,28,47,122,269,475,475,464,422,381,309,329,386,425,471,594,523,492,546,610,650,621,490,459,397,333,331,357,324,243,188,204
2010375,131,122,111,72,71,74,63,64,52,43,51,43,58,95,94,156,187,194,171,180,167,154,173,176,185,184,145,151,123,122,122,132,130,134,185,182,142,186,187,174,143,196
31006901,131,135,109,97,62,55,44,31,36,35,47,73,86,203,552,486,517,570,581,687,485,484,527,630,643,597,539,533,520,496,389,342,302,274,266,269,240,238,207,195,138,212
2010056,128,115,82,65,78,58,43,40,34,81,36,59,98,243,537,514,476,455,408,341,325,395,489,509,283,606,457,451,442,452,359,360,348,287,310,277,305,263,263,181,157,204
2010001,126,127,110,95,69,55,43,34,39,37,46,74,92,219,576,483,475,558,583,658,485,490,541,643,630,623,513,521,490,465,372,323,290,264,267,267,239,220,207,197,143,206
2010060,122,107,70,62,48,45,51,49,32,52,35,70,96,131,239,248,259,271,248,247,240,235,269,306,275,291,315,296,345,314,295,297,199,198,199,197,171,147,120,114,93,142
20504801,121,109,118,98,81,69,62,44,49,54,62,78,106,186,242,302,273,287,286,312,255,271,276,302,313,328,326,368,334,315,348,299,275,301,290,271,258,254,208,199,184,236
2010027,120,90,70,54,50,42,25,24,19,17,17,23,60,137,371,564,507,420,439,405,298,294,439,485,455,491,544,525,551,656,724,645,451,416,344,356,314,298,268,223,153,196
2010049,119,103,99,81,81,76,77,52,56,62,76,91,114,182,283,65,49,28,38,30,115,59,58,42,17,41,156,211,157,381,518,496,357,349,308,296,291,265,225,178,143,249
2010035,118,100,70,58,53,38,39,27,26,15,25,31,64,128,383,524,543,471,491,443,376,431,497,554,507,528,598,615,668,804,950,678,523,559,554,472,411,358,314,207,204,308
10101301,116,118,62,68,57,43,45,37,41,40,36,76,86,268,697,651,656,565,554,467,331,406,546,625,614,482,513,512,437,434,433,357,347,326,337,330,315,274,215,191,172,286
20605501,115,94,67,58,59,39,32,31,24,21,33,49,56,134,344,360,311,273,282,233,195,187,274,321,273,276,281,282,298,362,305,291,277,251,239,237,207,222,198,74,138,184
2010015,114,94,77,36,34,13,24,15,14,24,40,34,72,53,68,89,87,101,111,124,129,119,136,134,141,150,162,188,176,168,178,144,146,126,89,73,71,49,45,32,26,36
2010059,112,89,70,54,38,57,47,43,35,35,57,73,101,138,228,257,261,268,246,248,237,246,266,298,288,305,313,296,354,320,290,284,201,195,170,184,165,135,106,95,101,138
20605502,111,90,65,63,46,43,50,40,44,73,63,120,272,548,749,486,407,405,388,381,355,384,394,435,406,439,435,499,586,655,603,463,419,486,478,533,450,369,280,230,206,264
2010034,111,92,58,62,42,30,21,26,19,15,17,26,46,133,521,651,554,538,560,525,403,449,542,616,556,582,605,614,607,620,637,853,575,507,436,423,382,307,278,218,169,214
10107701,109,98,71,67,59,46,43,45,44,40,33,44,106,238,417,543,434,394,305,352,236,254,327,330,274,338,334,368,353,423,462,416,340,302,311,288,302,239,269,207,160,179
2010029,100,91,70,67,61,57,51,60,47,59,34,60,78,211,319,498,555,514,455,415,293,376,402,460,472,413,421,360,341,322,283,246,225,249,244,194,178,160,143,138,121,149
2010082,97,73,70,55,54,40,29,33,22,29,20,29,52,112,282,184,210,246,253,219,160,237,271,260,226,225,273,286,301,270,245,225,200,198,195,171,166,139,142,107,107,131
2010028,94,70,48,42,26,18,25,11,15,13,10,20,33,59,190,276,288,251,285,277,225,180,272,321,280,298,321,375,419,476,558,443,339,311,271,270,295,254,214,168,120,141
2010037,94,76,50,27,21,30,8,18,6,22,17,31,73,167,278,390,318,304,263,238,938,323,414,294,280,346,477,370,365,310,246,205,177,186,238,221,179,166,154,135,100,103
2010081,91,73,58,49,45,30,14,29,18,17,18,31,46,107,212,156,213,214,230,206,157,206,246,228,257,264,270,241,254,311,284,248,199,189,149,162,145,127,101,103,90,121
30608001,91,93,88,92,67,96,77,83,70,69,76,84,131,198,323,320,326,358,296,250,226,232,250,313,326,252,344,254,262,289,256,224,225,238,200,164,166,155,131,135,114,170
10207101,89,78,47,60,48,42,29,24,19,23,27,35,63,129,260,188,180,164,187,201,149,170,196,203,198,213,236,281,271,300,275,249,215,202,262,194,186,185,152,140,125,142
10107702,87,69,62,73,65,54,64,49,53,41,36,51,84,165,257,318,281,237,238,255,205,231,230,267,236,239,308,344,353,418,424,427,312,280,273,296,241,233,219,173,141,133
2010127,85,100,73,57,47,34,36,30,31,53,68,79,95,154,326,404,211,196,202,243,672,512,431,233,159,364,779,807,397,408,366,325,333,243,256,206,195,181,165,130,113,165
2010071,84,83,59,42,37,32,21,20,28,18,27,24,41,59,135,197,209,182,189,160,156,145,183,200,184,204,182,186,187,165,188,186,175,170,147,162,157,156,127,109,106,108
2010129,80,104,77,58,55,43,22,27,32,42,67,73,89,143,310,390,271,264,201,241,749,479,513,289,167,337,844,697,407,425,371,346,340,269,271,247,232,207,185,149,114,163
2010126,79,50,58,84,50,53,34,21,22,30,19,47,66,141,210,339,181,194,149,173,637,360,425,253,111,281,677,553,636,612,614,587,423,392,313,260,235,235,155,165,131,179
10104301,78,67,58,58,49,33,30,25,21,26,38,22,32,83,98,186,190,194,156,152,217,149,321,142,121,205,199,217,241,188,197,183,167,161,170,172,181,180,169,116,115,154
30602505,78,35,29,31,7,6,13,15,15,9,6,33,55,105,221,49,11,12,9,49,72,63,45,19,31,29,126,141,128,200,264,211,170,171,129,157,125,92,97,100,60,101
2010374,77,82,66,64,47,37,25,21,28,32,44,107,231,404,586,439,421,382,287,240,207,233,287,301,293,257,296,228,315,375,315,261,200,145,129,131,216,166,147,132,105,167
2010084,76,44,53,31,33,25,11,18,8,20,19,20,31,55,104,144,146,143,162,135,109,120,143,159,163,176,148,162,159,170,152,134,127,127,113,113,100,101,88,90,58,86
2010140,68,85,69,58,41,33,39,33,32,24,29,43,108,346,299,355,299,306,278,274,220,259,250,230,243,254,263,274,279,278,261,340,279,271,267,248,240,227,217,129,131,199
2010128,66,40,48,71,38,45,25,14,15,29,18,46,69,154,218,303,180,191,152,194,618,400,442,212,158,318,691,1010,587,680,582,550,401,418,315,297,241,228,171,160,100,173
2010083,66,52,39,36,37,21,17,13,18,15,15,30,55,102,103,158,145,153,158,146,95,105,151,173,176,176,177,162,163,174,179,128,142,102,143,131,113,100,106,93,70,88
20605002,64,48,16,11,5,5,2,3,5,15,12,13,43,137,253,253,294,303,266,254,169,262,225,255,306,315,197,214,254,194,165,131,105,91,92,102,80,69,45,52,40,44
20807602,63,39,27,27,21,20,15,21,21,18,41,70,132,222,355,176,183,161,140,146,145,154,153,187,163,202,193,189,216,198,237,185,184,134,133,122,125,87,86,91,76,98
20807501,60,34,37,25,27,19,12,10,18,13,16,35,45,88,146,156,159,167,167,167,123,136,153,187,155,143,163,138,193,227,285,226,193,172,144,145,104,117,69,74,64,72
20504902,59,48,33,28,17,9,6,6,1,6,13,12,47,77,130,149,178,135,195,187,174,169,177,185,216,245,240,248,221,220,263,237,185,186,171,117,125,106,89,103,72,90
20807601,58,66,36,32,27,27,19,20,24,21,32,28,43,85,111,197,159,175,170,184,156,121,188,178,143,157,182,180,209,271,272,251,186,159,184,156,149,155,110,82,87,84
20807502,54,38,39,27,23,10,12,17,33,29,35,53,153,249,449,151,161,151,152,128,126,162,177,169,161,153,198,237,205,215,224,220,176,150,149,125,119,101,95,71,60,65
20602105,50,32,47,32,9,20,21,11,8,14,10,35,42,61,118,126,150,120,122,158,115,104,128,151,132,145,151,164,147,156,161,140,103,99,114,98,82,76,71,58,63,64
20400804,46,23,2,4,3,1,1,2,4,,2,3,3,14,24,21,22,19,25,19,14,11,38,23,33,23,35,38,36,28,36,31,27,27,9,17,14,14,11,10,7,8
10207102,44,44,28,33,29,27,16,12,14,20,21,16,29,47,87,83,94,94,88,101,78,86,88,119,102,101,116,159,150,167,157,135,106,93,127,97,87,95,97,76,65,75
2010379,44,45,30,13,10,13,9,5,6,7,2,10,18,51,102,304,131,122,120,121,99,99,120,148,120,105,134,108,128,161,137,120,110,120,107,82,91,87,76,53,38,43
10200904,39,32,11,8,8,6,9,2,7,9,6,10,23,36,36,53,50,48,45,34,40,43,44,64,43,42,44,58,49,41,57,60,31,41,48,44,26,29,23,22,21,37
2010380,38,43,26,9,15,11,7,6,6,7,9,16,30,72,138,241,116,98,136,114,81,104,163,169,101,113,130,157,165,172,195,150,101,103,96,85,69,79,44,49,34,62
20501408,33,19,20,23,18,8,8,9,11,10,15,17,18,31,42,53,53,45,38,51,61,33,54,53,59,58,44,59,53,48,47,38,38,40,36,47,42,33,35,34,22,47
2010069,30,17,16,23,10,8,9,8,3,3,3,7,12,23,26,76,92,79,111,114,79,106,96,107,123,122,93,87,61,70,52,63,36,62,70,72,62,55,55,52,26,38
30606701,30,34,17,14,12,8,1,2,1,1,5,10,9,28,40,32,31,35,39,36,31,33,45,37,39,45,58,47,47,58,50,41,40,35,29,31,28,29,23,18,13,19
10100407,30,28,25,16,19,15,13,11,8,20,8,12,9,29,38,37,37,36,42,37,39,43,31,46,44,35,45,48,42,31,50,37,22,41,49,41,32,37,32,30,35,44
20506502,26,28,27,11,10,10,6,4,6,7,8,7,15,25,27,32,36,38,31,29,23,47,34,29,29,24,34,31,28,24,27,24,25,25,37,29,25,25,30,15,22,29
30602506,24,18,13,11,4,3,1,,4,,2,8,23,51,102,59,50,39,50,70,67,74,77,51,127,45,90,94,112,119,132,128,101,100,99,85,73,70,58,47,37,54
20501412,24,20,12,14,11,8,11,9,11,8,6,16,13,13,9,9,10,7,7,7,9,7,8,4,10,9,8,4,6,11,14,13,12,18,20,16,17,21,22,29,18,26
2010320,23,16,18,6,4,7,9,2,6,6,7,7,15,33,27,37,36,32,34,24,19,25,39,34,21,25,29,36,28,29,19,24,19,16,31,30,23,21,19,13,15,17
20501411,23,19,19,17,12,8,10,9,5,5,12,12,7,22,23,27,25,35,36,27,21,26,31,31,31,27,27,28,27,15,32,33,39,22,21,30,21,16,19,18,10,37
2010138,22,5,16,7,9,3,3,1,1,4,5,,7,22,38,37,36,46,36,35,30,28,36,39,31,41,47,47,52,35,33,35,34,27,33,42,33,25,33,31,23,20
2010080,21,23,17,10,5,1,4,4,4,1,11,8,22,30,56,89,103,82,90,79,64,74,84,100,103,102,117,96,106,131,135,116,109,68,77,75,60,45,55,53,33,32
2010363,21,14,6,12,6,2,3,7,2,7,3,9,16,14,29,19,25,31,21,27,27,22,32,27,30,29,27,25,30,23,38,13,15,31,19,15,15,21,11,19,6,12
10200901,20,28,9,4,5,6,5,5,4,2,4,7,18,36,45,37,39,46,40,25,31,26,40,43,41,40,37,32,40,40,50,35,37,39,27,33,17,22,25,10,18,18
2010325,20,15,20,13,13,9,7,7,6,7,4,9,10,24,41,49,51,39,46,49,26,36,40,48,51,66,61,42,48,44,45,33,28,29,34,27,37,19,27,23,28,36
2010079,20,17,15,12,9,6,8,9,4,6,11,11,15,28,62,115,101,109,118,72,72,62,97,108,107,118,119,111,147,128,123,112,86,79,84,66,74,48,51,46,33,35
20602102,19,14,12,3,4,2,1,3,1,,1,1,8,15,46,35,24,20,19,11,17,15,16,32,14,19,28,25,15,25,25,17,17,19,20,11,19,8,6,10,5,12
10100408,19,27,19,15,15,8,9,8,6,17,15,8,15,20,26,26,25,23,21,19,29,27,25,13,22,17,27,19,21,15,22,32,37,52,47,38,30,26,39,50,33,59
2010302,19,17,16,15,7,8,9,11,7,4,9,6,16,20,31,38,44,47,33,29,33,38,32,31,47,27,38,42,30,41,21,32,20,29,47,39,49,31,21,31,17,28
10300504,19,9,10,13,9,9,8,3,6,6,3,3,6,27,50,66,56,47,57,62,35,41,59,47,67,72,71,46,61,67,66,59,42,45,31,33,48,29,36,31,27,37
2010016,19,22,24,15,19,10,16,7,5,10,13,15,26,35,28,74,99,121,114,151,151,153,130,165,166,158,166,98,108,104,69,68,60,48,52,36,54,30,46,34,20,35
2010057,18,21,9,15,12,7,8,4,10,13,13,22,22,42,46,69,61,71,68,53,58,47,94,77,92,69,79,110,89,96,66,63,55,44,52,42,39,38,28,34,29,19
2010303,17,6,6,5,6,3,2,4,2,3,5,3,12,6,4,21,19,15,9,14,15,16,15,18,18,24,22,22,18,24,20,20,8,7,13,14,11,11,14,10,6,11
2010058,17,21,9,15,9,9,7,6,8,11,12,22,20,45,48,71,56,71,68,54,53,49,94,80,88,69,79,106,87,98,65,60,60,43,48,35,35,36,25,29,26,23
2010014,17,12,13,13,11,10,3,4,4,5,2,4,13,27,42,65,52,69,81,87,64,110,100,97,147,118,124,140,121,181,150,127,105,104,73,78,46,47,30,36,17,29
2010319,17,22,15,12,13,11,12,9,11,1,11,8,20,17,28,23,29,26,34,21,32,26,16,31,30,33,23,23,34,43,27,27,27,26,30,30,33,29,12,15,21,19
20506501,17,21,13,9,14,11,9,4,9,5,4,6,14,15,25,25,19,20,18,30,34,24,25,41,27,29,14,18,27,22,36,32,23,27,22,27,14,23,21,20,19,18
20507401,16,13,15,11,15,12,4,3,24,25,36,45,41,42,49,123,172,126,160,159,99,117,133,180,146,158,138,81,100,60,46,45,57,41,48,45,37,29,34,23,16,30
2010365,16,19,16,9,9,7,4,4,2,5,4,10,18,31,34,49,40,39,40,36,42,39,27,37,45,38,50,45,46,57,46,37,36,41,25,39,31,34,18,27,21,26
20501413,16,20,10,15,12,10,7,12,12,9,4,13,12,22,13,5,8,6,7,7,12,8,8,6,4,9,10,4,4,,9,9,19,18,19,20,16,11,26,21,22,25
2010364,16,27,12,3,9,7,4,5,1,2,3,2,15,30,40,54,64,72,54,58,47,58,57,57,59,63,66,67,57,59,47,47,39,32,44,32,32,28,24,32,18,19
2010287,15,14,8,1,4,6,,2,2,4,,4,5,13,17,25,28,24,23,19,20,11,13,23,17,22,28,24,23,24,23,19,13,19,16,16,14,19,6,7,4,6
10300506,15,10,12,7,10,5,6,3,3,3,5,7,6,17,53,56,38,42,37,29,25,31,31,36,39,42,43,47,60,51,55,45,40,28,33,23,32,30,25,26,17,41
2010366,15,16,18,4,7,9,13,38,30,33,28,41,28,52,52,66,62,59,42,37,27,35,27,45,33,37,31,43,37,52,34,33,30,38,30,33,38,31,23,11,15,26
2010335,15,20,11,10,9,10,3,4,4,3,2,5,8,12,19,21,16,19,17,19,22,20,12,19,24,16,17,21,19,19,17,8,17,16,10,16,14,18,18,13,6,9
2010013,15,14,13,16,12,6,7,9,3,10,9,13,18,18,32,98,89,110,151,158,130,117,139,166,173,159,157,130,148,129,95,77,55,51,38,45,29,32,44,23,18,30
2010290,15,18,16,13,7,6,8,5,8,7,8,9,12,23,18,47,27,36,25,31,23,28,21,28,34,31,33,21,28,18,30,26,24,25,33,19,17,29,23,9,17,22
2010249,14,10,15,6,4,2,4,2,2,3,1,2,4,7,9,20,18,15,9,11,10,16,23,21,13,27,22,16,21,18,14,14,12,12,19,20,17,16,13,9,21,11
20403602,14,5,4,6,4,1,,1,,2,1,4,9,18,11,9,16,12,9,19,9,14,19,20,13,27,20,17,21,25,21,18,12,11,8,13,11,7,8,6,8,1
20501410,13,10,9,6,6,7,7,7,6,4,6,11,18,23,23,28,22,20,22,29,17,14,26,15,20,26,27,30,21,23,27,35,36,23,34,18,24,24,15,12,12,18
2010220,13,11,8,2,6,6,5,1,4,6,1,2,1,7,12,7,9,8,16,11,13,15,18,12,9,10,17,16,13,13,13,8,12,11,9,8,8,10,2,7,3,10
2010288,13,8,8,9,3,2,5,2,1,4,1,4,2,16,33,39,34,37,48,34,27,32,23,37,30,39,27,34,32,35,29,37,27,26,31,19,19,16,14,9,10,9
2010342,12,14,7,2,1,3,4,3,,1,4,5,5,9,15,20,20,18,15,17,12,21,18,19,17,17,18,12,18,21,18,17,17,12,14,9,12,12,14,11,3,7
2010205,12,5,6,5,3,2,1,3,4,2,4,2,4,3,17,19,12,10,24,19,12,16,16,18,27,12,24,17,21,17,17,14,13,18,10,7,11,8,10,7,7,6
10200903,12,13,10,9,5,10,5,8,4,3,9,12,11,26,46,49,46,48,45,35,30,48,50,45,49,46,43,46,49,33,38,62,75,61,39,37,39,44,38,30,22,29
10103901,12,9,5,12,8,8,4,3,3,5,2,6,5,7,11,4,2,3,5,8,3,2,2,2,6,8,4,3,8,5,5,8,4,9,6,4,9,4,8,2,6,15
2010341,12,5,5,4,7,3,6,2,3,1,3,7,8,23,17,16,19,20,20,19,14,13,18,23,12,33,13,28,28,25,19,13,19,17,16,9,12,11,11,8,5,16
10100606,11,8,8,11,7,8,4,5,2,2,6,4,4,7,23,41,21,27,25,31,17,22,28,27,28,15,34,32,27,24,22,37,28,17,19,23,25,20,16,19,17,28
2010301,11,2,,12,5,4,3,6,3,6,11,4,10,12,8,22,10,17,6,25,11,22,14,18,8,10,12,3,5,16,7,5,10,6,7,17,15,35,4,9,10,25
2010163,11,4,4,5,7,3,4,3,4,2,2,4,10,5,13,10,5,11,15,9,10,7,12,10,10,11,23,9,15,16,16,15,5,4,14,3,8,9,9,9,6,8
30606703,11,11,6,6,1,3,3,2,2,4,,3,8,23,32,44,34,39,40,37,29,32,36,47,52,39,46,35,45,36,35,37,34,42,31,25,28,28,23,18,14,17
10301101,11,6,10,,6,5,3,4,2,4,,8,5,17,16,4,6,11,9,13,17,8,7,12,8,7,14,12,12,12,8,16,14,11,11,14,17,16,29,18,14,21
10301102,10,12,3,8,8,8,6,2,2,2,5,8,10,18,9,12,12,6,12,7,11,7,5,11,9,10,10,8,8,9,8,8,19,12,26,21,15,13,25,21,9,17
2010198,10,7,7,1,6,9,6,2,2,3,3,6,4,10,25,22,28,19,23,23,18,21,25,30,15,25,28,20,20,20,18,13,15,13,11,23,9,23,12,13,5,12
2010167,9,5,1,3,5,1,7,,1,3,,,1,1,,,1,,1,3,,4,,1,1,9,8,1,7,9,4,2,4,8,6,4,4,3,3,2,5,7
2010353,9,2,6,2,3,3,2,4,,2,1,3,3,8,10,8,5,6,7,16,2,9,18,8,13,7,7,7,7,6,10,7,10,12,14,12,4,8,6,4,4,7
10100605,9,5,6,10,6,4,7,2,3,4,1,1,4,3,8,16,31,23,26,23,20,19,19,27,23,29,30,26,39,34,17,40,38,17,27,25,16,25,19,17,13,19
2010331,9,2,5,4,1,1,3,2,,,,,2,6,13,13,19,14,15,13,17,15,15,13,19,14,18,9,13,21,17,9,20,14,7,7,9,8,7,3,8,11
20602201,9,5,3,2,1,1,2,2,1,2,,1,1,4,7,3,7,3,8,6,7,9,8,7,7,11,12,18,10,10,13,12,13,6,15,9,13,9,9,9,8,10
2010306,8,2,4,1,,1,1,1,1,,,,5,2,4,6,7,16,7,10,5,7,5,5,11,8,8,7,7,7,3,4,2,5,6,8,5,5,3,7,1,7
2010199,8,22,13,4,2,3,3,3,5,5,,4,10,8,7,2,13,17,14,10,15,10,12,8,15,14,27,14,8,16,21,11,7,13,11,8,14,4,10,12,2,9
2010346,8,2,4,6,1,,2,3,2,2,3,1,8,6,9,15,8,14,14,12,15,11,12,13,9,14,11,13,21,14,11,16,11,9,13,15,7,11,8,4,9,8
20602101,8,5,4,5,6,1,3,2,2,1,3,1,3,8,17,23,21,24,24,30,19,25,24,30,18,24,22,34,35,30,34,37,37,22,21,29,18,16,29,11,14,13
2010336,8,6,11,6,4,,2,2,3,2,3,3,11,20,25,15,25,20,27,20,19,21,18,15,15,16,20,19,17,17,17,16,18,14,21,20,9,10,13,16,11,26
2010219,8,2,4,3,1,1,2,3,1,2,2,1,6,7,6,7,2,8,7,5,5,5,5,9,8,8,12,7,10,12,12,6,4,3,7,9,4,9,3,4,4,3
2010195,8,5,1,1,1,1,3,4,1,2,,2,4,5,8,10,8,12,11,15,5,8,15,9,14,7,12,12,8,15,3,4,5,9,10,10,8,7,4,4,3,11
2010248,8,10,5,8,5,7,1,7,2,2,4,4,5,16,16,8,16,13,13,18,8,16,22,16,12,15,10,16,20,11,11,11,10,15,21,17,15,9,12,10,9,13
2010154,8,6,3,1,1,2,1,2,,1,3,6,3,7,9,10,11,8,14,7,7,8,9,13,12,9,14,8,7,18,4,5,14,3,5,6,6,10,7,5,2,6
2010278,8,4,7,9,8,3,1,1,2,,1,3,2,7,13,18,20,26,22,15,14,14,13,17,18,19,23,24,16,20,25,20,10,18,15,15,15,8,6,8,3,3
2010213,8,5,2,5,4,1,4,2,4,2,2,2,6,4,20,16,17,18,15,13,8,8,22,17,24,17,15,15,27,20,13,14,9,10,8,11,8,9,7,6,3,14
2010201,7,1,2,1,5,1,,,1,1,2,,3,5,4,13,10,12,7,2,7,7,9,8,7,6,7,9,1,9,5,6,3,1,2,5,7,5,,5,1,
2010277,7,8,9,6,1,3,5,1,2,1,4,4,4,12,12,19,23,23,24,16,11,17,19,20,23,28,21,18,13,16,22,15,12,17,20,20,18,15,17,12,4,9
2010304,7,4,4,3,1,3,2,1,1,5,7,3,7,2,4,9,14,16,10,9,8,10,12,7,13,6,9,13,13,11,8,12,10,8,7,8,9,12,7,7,9,8
10100609,7,2,5,3,1,1,2,,1,,,1,2,4,8,15,17,11,18,17,13,17,12,26,16,20,19,24,30,33,35,25,12,21,11,7,10,7,6,9,4,6
2010311,7,10,11,5,10,4,,4,1,2,1,2,4,3,11,4,13,8,9,7,12,10,6,12,14,9,12,12,14,15,8,21,15,11,6,7,9,10,8,7,7,7
2010327,6,2,1,,2,3,2,,1,,,2,5,4,11,6,18,17,17,11,5,10,10,18,19,16,12,15,16,16,5,15,10,4,7,13,17,6,7,10,6,9
2010357,6,,2,,1,,2,,1,,1,,2,2,5,7,7,13,11,3,6,10,8,13,3,7,9,10,7,7,8,8,7,9,9,11,11,9,12,6,5,7
2010337,6,4,5,3,3,3,3,1,3,,2,1,1,3,9,12,15,9,12,7,7,10,2,11,13,11,12,12,14,18,18,17,13,11,8,11,14,7,6,14,5,8
2010309,6,6,5,3,2,2,4,,1,2,1,6,1,9,16,11,14,11,10,17,7,3,5,6,9,9,6,9,9,16,11,6,15,8,10,6,9,8,8,4,4,6
20400803,6,4,4,3,1,3,3,5,1,3,1,4,4,16,28,23,27,25,25,20,20,18,23,21,25,27,18,17,22,17,20,9,14,18,17,15,17,7,6,6,7,9
2010382,6,6,4,2,1,,5,1,2,,1,3,6,10,22,16,20,26,23,13,11,19,12,11,20,17,13,18,18,17,11,19,18,9,13,12,19,11,8,9,6,7
2010177,6,2,2,1,,,,,,,2,,2,4,5,7,4,6,9,3,5,4,4,5,8,3,8,3,5,13,7,9,6,1,5,5,3,5,1,3,4,9
2010193,6,7,4,,2,2,3,,2,1,3,,6,5,4,9,2,5,7,2,5,3,6,8,9,10,7,11,11,7,9,4,4,8,8,4,3,4,5,3,3,2
2010223,6,5,4,,2,,,1,1,,1,6,6,14,7,7,12,8,8,5,8,17,9,14,19,14,14,18,28,22,15,12,15,11,6,4,14,10,4,6,7,7
2010137,6,13,13,4,5,5,4,3,4,2,6,5,11,30,38,38,23,24,47,30,26,29,42,35,30,25,37,34,30,47,38,36,31,26,27,16,26,23,24,18,17,21
10200614,6,7,7,10,7,8,6,3,5,3,2,1,3,1,8,11,19,13,18,6,12,10,13,16,16,19,16,15,14,27,26,12,21,14,17,13,14,14,10,11,6,14
2010156,6,6,3,4,,,,3,,1,3,2,6,5,6,16,5,8,13,15,12,4,9,14,13,10,10,9,9,12,9,9,7,5,11,6,6,4,8,5,7,9
2010185,6,4,3,,2,,,,5,4,1,1,5,5,5,11,8,10,9,9,8,8,12,14,13,13,16,9,10,9,10,11,14,9,7,6,8,10,5,6,4,5
2010200,6,2,2,3,4,4,2,4,1,1,1,4,5,6,17,17,21,18,10,19,13,17,12,22,16,15,8,9,13,12,6,6,4,2,9,12,8,8,7,7,5,9
2010224,6,6,2,2,,2,,1,3,1,2,2,5,5,5,6,7,7,7,5,8,13,14,12,8,13,7,14,14,15,11,11,12,8,6,8,6,3,2,5,4,2
2010192,6,8,6,1,3,2,1,1,,2,,2,3,5,10,7,10,11,12,3,2,5,7,8,7,6,7,9,7,5,6,8,7,10,5,3,2,7,2,2,3,6
2010216,6,9,8,5,5,5,5,1,2,1,3,4,4,9,20,10,15,13,12,12,10,16,21,26,12,13,8,11,14,13,11,13,18,7,18,13,14,21,13,15,3,10
2010211,6,7,2,2,3,2,3,,1,1,3,1,4,9,9,12,12,13,11,13,8,14,22,12,18,24,17,19,20,16,17,21,12,11,5,9,4,9,7,5,4,3
2010210,6,4,2,,1,1,,,,,1,1,1,1,,6,6,9,9,3,2,4,7,8,5,7,7,11,7,3,9,9,8,5,4,6,6,3,2,5,1,3
2010190,5,7,6,3,4,1,,2,1,2,2,4,8,4,8,12,16,14,13,13,3,9,20,22,15,12,16,21,16,22,21,9,7,7,11,6,5,2,8,5,2,11
2010144,5,4,2,1,1,4,2,2,2,1,,,1,9,8,8,2,8,6,11,5,2,4,4,4,6,8,4,5,8,4,3,4,4,3,5,2,5,3,3,2,
2010345,5,2,6,6,1,2,,1,3,2,3,4,6,13,12,13,16,17,17,12,11,10,8,18,12,17,17,12,15,16,19,22,13,12,9,10,6,9,12,8,7,11
2010184,5,5,4,5,1,4,1,3,1,2,1,2,7,6,11,11,7,12,8,13,6,15,12,14,7,15,12,5,9,7,8,6,9,11,15,6,17,9,9,10,8,
10300607,5,10,6,3,6,3,5,3,2,2,,,3,6,16,5,8,2,3,62,43,45,19,12,10,17,14,19,19,28,20,14,16,21,20,14,2,13,11,7,6,14
2010328,5,6,5,2,1,2,1,3,,1,,,1,1,4,16,18,9,12,8,7,9,5,10,17,12,7,12,13,9,5,3,7,7,12,7,10,10,4,5,5,10
2010270,5,3,,,1,,,1,2,,,2,2,3,7,11,11,7,8,9,4,4,2,7,8,9,10,5,12,6,4,10,6,6,8,5,1,6,3,2,5,
2010276,5,3,1,2,1,,1,1,,2,1,1,3,5,7,13,6,7,7,11,5,6,4,17,12,17,11,12,15,16,16,9,12,10,5,13,3,5,5,8,1,8
2010202,5,14,6,9,5,2,4,3,4,3,,3,9,16,16,11,13,17,13,12,18,15,17,9,5,11,16,20,7,20,17,7,16,12,14,7,5,7,11,11,3,18
10200613,5,5,4,4,6,5,7,1,4,1,1,1,5,1,9,21,9,13,10,24,17,17,6,23,24,22,22,13,17,21,16,19,16,10,13,14,17,10,14,16,13,11
10100610,5,2,2,3,4,,5,1,3,,1,,1,2,4,21,10,13,17,17,10,16,17,19,21,16,23,23,15,22,18,22,12,21,8,14,13,18,10,6,6,7
31007001,5,,1,1,,2,1,,,,,1,3,16,16,27,52,60,33,38,16,40,60,45,46,37,30,13,25,6,13,9,8,4,9,9,7,2,1,6,4,3
2010308,4,2,1,5,,,1,2,,1,2,1,1,6,1,7,4,6,7,12,10,7,6,10,10,14,5,8,11,16,14,9,4,9,8,2,,,,,6,8
30605901,4,8,3,5,2,2,3,6,,1,2,4,4,7,4,15,8,13,8,1,9,4,8,13,6,4,9,8,5,8,8,9,8,4,8,14,7,6,9,6,5,7
2010214,4,3,,3,,,,1,1,,2,3,2,5,6,16,16,11,13,14,11,7,17,22,16,18,9,15,6,11,7,12,8,10,13,7,10,5,4,4,4,6
2010215,4,3,,1,1,,,,,2,1,,2,1,9,8,15,10,11,5,5,10,7,13,6,12,16,9,9,14,4,11,7,9,9,5,3,3,2,3,1,4
2010217,4,4,3,2,1,,,1,1,2,2,4,5,8,12,9,9,13,9,13,11,14,9,16,12,16,13,6,9,13,14,10,7,3,9,5,14,8,6,6,6,8
2010354,4,5,8,1,3,2,2,1,2,,3,3,3,2,7,12,5,10,11,4,6,6,5,6,4,8,12,7,9,5,5,4,13,7,10,7,7,5,6,5,7,9
2010349,4,2,2,3,3,2,,,1,,,1,1,,3,6,4,7,6,5,6,4,1,4,5,7,7,9,4,10,6,1,3,6,5,6,6,3,5,3,,5
2010343,4,1,9,1,1,3,2,1,2,1,3,1,1,6,10,10,11,6,12,9,10,10,4,7,11,6,15,13,6,7,18,12,14,3,10,3,11,10,7,6,5,2
10300601,4,10,7,3,3,5,,1,2,,3,3,1,3,2,13,20,20,21,21,8,11,19,16,19,19,20,23,14,15,38,31,19,14,20,23,12,13,8,14,12,18
2010377,4,,1,3,2,2,1,1,,,,2,1,,2,,1,,2,2,1,3,3,3,1,,,3,3,1,3,3,3,1,2,3,6,5,1,5,3,7
2010113,4,2,,2,1,1,1,1,,,,,1,2,2,3,7,11,6,6,7,5,1,6,13,7,6,6,6,9,10,3,7,4,6,5,8,2,2,,2,
30603601,4,2,2,1,1,2,2,,,,3,1,1,3,15,14,16,14,16,19,7,11,12,14,14,7,14,4,14,5,11,9,4,2,6,9,4,5,5,2,3,6
2010176,4,2,1,2,1,,1,1,,,,,2,,10,8,9,4,5,1,4,4,5,6,5,2,4,9,10,5,4,7,1,6,4,3,4,5,,2,2,
2010203,4,4,7,7,5,3,1,3,1,3,3,3,8,6,9,7,7,8,14,11,11,16,9,10,4,13,8,9,11,13,9,11,2,14,8,13,6,3,7,5,3,5
2010116,3,,3,2,1,,,,1,1,1,,,3,3,5,6,4,4,4,5,2,6,9,2,9,6,5,3,5,8,10,12,2,1,4,3,5,,3,,
2010286,3,1,3,1,4,1,,1,,,,,1,1,5,6,6,11,3,6,2,3,1,4,12,6,9,1,10,2,6,3,5,4,1,9,2,2,2,4,2,4
2010269,3,3,2,,,1,2,2,1,1,,1,3,2,7,7,5,12,15,5,6,7,9,14,9,12,9,14,12,9,12,13,11,5,10,6,6,6,6,4,2,3
2010145,3,2,3,1,,1,1,,,,,,2,2,4,4,2,2,3,7,3,5,7,5,4,3,3,4,2,2,5,2,3,3,,4,5,5,4,6,2,1
2010268,3,5,3,,3,,1,1,1,,4,2,1,1,12,13,10,16,9,11,7,7,16,11,15,9,18,12,18,23,11,9,10,13,9,8,9,3,6,3,5,8
2010267,3,6,2,2,2,2,2,,2,,3,3,4,7,8,17,12,10,7,9,13,13,7,10,14,17,16,20,14,10,14,15,9,9,16,5,11,8,9,4,5,
2010178,3,1,5,,1,1,,2,,,1,1,2,9,15,11,10,7,4,10,5,1,7,11,12,8,9,10,10,13,7,10,9,5,5,11,7,1,4,4,3,7
2010350,3,3,1,1,1,,,,,1,,1,2,4,3,4,4,4,8,5,12,3,5,4,6,4,1,6,6,9,4,4,3,3,3,4,5,,3,1,2,3
2010179,3,1,1,1,,,,,,,,,3,5,7,8,12,14,8,11,11,4,4,4,5,8,10,10,6,4,8,7,6,1,5,2,7,7,7,6,3,2
2010191,3,5,1,1,2,1,4,2,2,3,1,3,4,8,16,7,9,6,6,13,5,5,9,10,7,5,9,13,12,9,7,10,7,4,3,2,3,8,3,7,3,6
2010188,3,5,3,4,1,1,1,,2,1,1,2,2,7,8,10,5,5,3,5,1,5,4,5,10,6,10,4,6,4,4,4,12,2,4,3,6,5,3,2,2,1
2010189,3,4,2,4,3,,4,2,3,1,2,3,5,4,2,2,1,3,1,3,3,8,3,5,3,6,3,3,4,6,5,5,4,3,4,1,4,1,2,2,2,4
2010222,3,,,2,2,,,,2,3,1,2,2,8,11,12,5,13,14,12,5,22,9,9,12,12,9,9,6,10,8,7,1,7,4,5,11,4,5,7,3,2
2010165,3,2,3,2,2,,4,1,1,5,1,1,2,3,11,10,11,17,12,12,9,6,8,12,13,7,17,6,11,13,10,13,12,5,11,3,5,5,7,6,6,6
2010381,3,2,6,,1,2,1,,1,,1,,2,12,16,13,18,9,6,3,20,8,7,12,8,14,14,7,7,17,9,,,,,,,,,,,
2010143,3,1,2,,1,2,1,,,,1,1,5,2,3,3,3,3,6,9,4,5,3,4,2,9,7,2,4,3,6,6,3,3,4,2,11,1,5,,8,2
2010225,3,3,,,,2,1,1,,,,1,2,5,8,10,7,8,9,7,8,10,5,4,11,7,7,15,6,6,10,6,4,9,8,8,6,2,8,3,1,5
2010182,3,4,5,3,2,3,1,1,3,,1,3,8,6,12,10,16,13,10,18,11,12,16,10,22,14,13,15,14,11,13,11,8,14,13,11,6,9,9,4,5,8
2010166,2,2,2,2,,3,4,4,1,4,2,1,2,4,5,15,12,13,9,9,6,9,12,8,8,5,6,9,10,3,9,7,4,9,3,4,6,5,4,5,1,4
2010368,2,,,,,,,,,,,,,,1,4,1,4,1,3,3,5,2,2,3,2,2,,5,6,,1,1,1,2,1,1,4,5,1,2,
2010170,2,,,,,,,,,,,,1,1,2,2,2,,1,3,1,,1,1,2,4,3,1,1,2,3,1,1,2,1,2,2,1,,,2,2
2010151,2,4,4,2,,3,1,1,,1,2,1,3,5,4,11,7,11,5,7,3,3,8,8,12,9,12,5,10,4,11,2,8,2,5,5,6,3,5,6,1,8
2010114,2,1,,1,2,2,,,1,,2,2,3,3,3,6,2,3,5,4,4,9,4,14,10,9,9,11,8,7,5,5,7,6,6,4,5,2,1,2,2,2
2010378,2,3,3,2,3,1,,2,,,,,,,1,1,2,1,1,2,1,8,3,4,3,1,2,2,4,2,3,,2,1,1,2,3,3,6,3,,
2010289,2,3,3,3,3,,,,1,1,,2,9,8,19,29,32,29,26,17,20,20,13,18,35,15,21,42,38,35,37,40,37,27,35,36,24,23,24,18,21,20
2010274,2,3,3,3,4,1,,,2,1,3,3,7,7,8,15,15,,,2,14,12,20,20,8,10,10,13,11,14,13,9,7,11,16,5,5,9,3,4,5,4
2010295,2,,2,,1,1,,,,,2,,,3,4,5,9,5,3,3,3,2,2,4,2,7,3,7,7,4,8,6,7,6,1,1,3,4,1,1,3,2
2010262,2,2,,,,,,,,,,,1,,5,8,3,2,6,1,1,2,5,4,3,5,7,5,4,2,3,1,3,3,5,1,,2,2,,2,2
2010347,2,4,2,1,1,1,,2,1,,4,,1,3,3,5,7,9,7,9,3,4,8,6,10,7,12,11,3,6,7,5,3,2,4,5,1,4,5,1,3,6
2010305,2,3,2,1,3,7,1,2,1,1,3,3,1,1,9,4,5,10,6,10,5,10,11,8,12,15,14,12,13,9,13,9,5,6,3,2,11,7,5,6,8,5
2010344,2,1,2,3,,1,4,,2,1,1,,1,,4,10,4,6,9,7,7,8,9,3,5,7,10,5,10,3,9,8,9,3,3,12,9,10,4,7,3,1
20501901,2,2,1,3,,,,2,2,1,1,3,4,5,6,6,3,3,9,7,4,3,6,9,3,5,6,8,13,10,10,10,8,6,11,2,5,3,4,4,2,1
2010334,2,1,2,2,,,1,,,,,,,3,5,4,2,6,3,2,3,6,5,6,4,3,3,4,3,4,7,4,6,2,2,2,4,,,2,1,
2010338,2,6,1,2,,3,,3,,,2,4,2,11,20,30,12,18,11,7,10,5,15,7,10,8,12,17,11,15,7,7,7,5,9,7,11,8,7,6,3,7
2010257,2,,1,1,,,,1,,2,,,1,1,3,8,4,6,4,7,8,1,7,6,3,7,4,4,7,5,2,5,2,5,7,7,3,2,2,1,2,
20602301,2,,,,,1,,2,1,1,2,,,3,3,6,3,5,5,2,5,3,7,6,5,5,5,7,3,3,4,3,2,1,2,3,1,2,,1,,
20602601,1,,3,1,2,1,1,3,,1,3,2,1,3,10,6,5,15,11,11,7,4,7,5,11,6,3,6,11,9,4,8,6,11,5,7,4,2,4,6,3,8
2010280,1,,2,,3,,,1,3,,,,1,,1,6,5,4,3,4,1,6,8,2,3,1,8,3,6,6,5,7,2,3,1,2,2,2,,,1,2
2010146,1,2,,,1,1,,,1,1,1,3,1,1,4,2,1,3,6,1,1,2,2,3,2,1,4,1,1,7,5,5,5,9,3,2,3,1,2,3,,1
2010149,1,3,1,4,,2,4,3,,,3,1,3,5,5,6,3,5,5,7,8,6,6,6,8,7,9,7,12,8,5,10,5,3,6,5,4,8,4,2,2,5
2010204,1,,1,1,,,,,,,,,,2,2,3,,,2,3,,1,3,4,1,4,,2,1,3,4,,4,1,,2,,,,1,1,2
2010281,1,1,,2,,,1,1,2,1,1,,4,5,9,11,6,13,15,15,11,6,12,16,15,10,16,20,9,12,19,2,6,9,5,1,4,2,6,,2,
2010164,1,,2,,,,,,,2,,1,,1,1,,,1,2,,1,3,1,1,,,1,1,1,3,1,,2,3,1,1,2,,,,,
2010273,1,5,2,2,2,3,1,,1,2,2,4,2,7,6,12,16,,,4,9,18,12,20,15,11,9,11,14,16,8,15,9,12,4,18,8,7,6,5,6,1
20807201,1,2,1,,,,,,,,3,6,9,7,10,6,7,7,11,8,12,8,8,8,6,5,6,8,5,5,4,4,3,6,10,11,4,6,2,2,4,
2010285,1,3,,,,,,,,,2,1,1,3,4,5,3,8,2,8,3,,7,5,2,2,6,9,9,5,9,5,4,3,3,2,2,4,2,1,1,
2010168,1,1,1,,2,,,,,,,1,,2,3,2,1,1,2,,1,1,,1,,1,3,3,2,1,4,4,8,1,,4,2,1,1,,1,
2010296,1,1,1,1,,2,,,,,2,2,,,4,7,9,9,5,6,6,3,8,5,5,11,8,9,6,3,3,3,5,1,3,2,5,1,3,5,2,7
2010173,1,,,1,1,,1,1,2,,,,,,,2,2,2,,2,,1,4,,4,2,3,1,2,2,,3,2,2,2,,1,1,3,1,2,
2010174,1,,,,,,,1,,,1,,1,2,3,3,2,1,2,3,2,1,1,3,3,2,3,2,1,1,4,4,1,1,4,4,2,,1,,,2
10101201,1,3,5,2,2,5,3,4,1,2,2,2,4,8,5,10,17,10,19,15,13,12,15,19,24,17,7,9,20,16,10,15,15,16,11,5,13,9,10,11,7,8
2010333,1,1,2,3,,,1,,,1,,,1,2,5,7,6,3,1,2,6,3,5,4,6,6,5,8,1,3,8,7,3,3,5,1,3,6,2,1,1,2
20504201,1,2,1,1,2,1,,1,2,,2,1,3,5,7,8,11,17,14,12,6,9,10,11,8,11,7,15,10,11,11,5,2,5,9,6,8,11,6,8,6,3
2010231,1,,,,,,,,,,,,,2,,2,1,1,3,2,1,2,4,3,,3,4,2,3,,5,1,,1,,,1,,1,,,
2010358,1,3,2,1,,1,1,2,,2,,1,1,6,6,15,8,12,14,8,6,5,12,7,12,9,7,6,16,14,11,8,5,10,8,9,5,10,4,5,6,3
2010294,1,5,4,,1,1,1,1,1,,,,3,3,2,5,5,5,6,11,3,4,5,6,2,5,8,8,9,16,7,12,5,10,10,6,3,7,4,2,1,2
2010369,1,1,,,1,,,,,,,2,2,4,1,2,5,1,2,2,4,2,2,,,1,,2,1,4,4,,1,1,,1,,2,,,,
2010221,1,1,1,3,1,2,1,,1,,1,2,5,2,5,4,10,13,4,15,7,7,9,9,8,14,11,8,6,5,8,9,5,4,6,9,5,5,6,6,4,2
2010111,1,,,,,,,,,,,1,,,,,1,,2,,,,2,,1,1,1,2,,2,2,,,1,,2,1,,,2,1,
2010227,1,,,,,,,,,,1,,,1,,1,,,1,1,,,,,1,,1,,1,,,,,,,,,,,,,
2010115,1,,1,1,,1,,,,,2,,2,3,1,5,8,4,4,9,3,9,6,5,6,5,5,3,2,5,4,4,4,3,3,4,1,1,3,3,,2
2010332,1,1,1,1,1,1,1,,3,1,,2,2,6,2,3,5,4,7,3,3,3,6,6,6,7,8,2,4,4,5,2,2,6,1,2,1,3,5,2,2,4
2010240,1,1,,1,,,,,,,,,,,6,4,1,,2,5,2,,3,3,4,3,3,3,1,3,1,,,1,2,3,,1,1,2,2,2
2010242,1,1,,,,,,,,,1,,,1,,4,1,1,5,4,2,5,4,7,2,4,9,2,2,5,3,3,,2,3,3,2,2,,2,,2
2010243,1,1,,1,,,1,,,,,,,1,2,1,4,5,3,5,3,3,6,4,5,6,5,7,4,6,2,7,4,6,4,3,3,1,1,2,,
2010187,1,,1,,,,,,,,,,,1,,1,2,,,,1,1,2,1,1,2,3,,1,,2,1,2,1,2,,,,1,,,
2010245,1,2,,2,,,1,,,,,1,1,1,1,2,4,2,1,,2,3,,4,2,3,3,4,3,2,3,1,2,1,5,1,2,2,2,1,5,
2010209,1,1,1,,,,,,1,,,,1,,12,9,4,8,3,3,4,5,6,3,6,12,7,11,5,8,9,4,6,7,9,4,1,5,4,6,7,2
2010218,1,1,2,2,,,1,,2,,,1,4,4,8,8,2,7,4,7,6,3,5,5,9,4,4,8,5,3,8,7,6,6,5,7,5,5,1,1,5,2
2010326,,7,19,1,14,14,11,8,2,5,3,6,8,20,,31,30,12,19,24,2,26,13,17,19,6,4,25,40,35,26,19,18,16,35,31,21,29,12,10,21,15
2010283,,3,2,,,1,,,,,,,,4,4,4,3,4,5,4,3,4,7,3,3,10,4,8,6,2,5,2,3,4,4,2,2,3,1,3,1,4
10101202,,2,5,2,,2,1,2,,1,1,1,3,4,9,15,12,9,9,10,6,12,10,14,13,20,15,12,12,17,15,8,12,6,6,10,5,7,8,6,5,8
2010275,,2,1,5,1,2,2,3,2,,3,,1,7,9,10,14,11,10,12,9,5,11,12,12,14,12,11,13,7,15,12,10,8,4,6,6,7,4,,2,2
2010175,,1,1,1,,,,,,,,,,2,5,3,4,3,2,4,5,3,4,1,5,5,1,2,3,3,2,1,1,3,3,3,2,3,,,3,2
20602701,,1,,,,,,,,,,,,1,,3,4,1,,1,1,,2,,2,,,,,,4,2,,1,2,1,2,1,,,,4
2010282,,1,2,2,1,1,,2,1,3,1,,1,2,8,7,9,10,13,15,6,6,10,13,25,13,12,10,16,23,14,16,5,13,12,8,9,6,6,1,6,7
2010208,,1,1,1,,,,,,,1,1,1,,,2,1,2,1,1,,,1,,,,,2,1,1,,,,,1,1,,1,,,,
2010258,,1,,2,,1,1,1,,1,,1,4,2,8,7,8,1,8,2,2,3,2,7,10,8,5,5,6,10,7,7,2,12,2,4,,2,2,,3,3
2010239,,1,1,,1,,,,,,,2,3,5,1,1,7,4,5,5,4,2,3,5,3,4,5,6,8,2,3,,,3,,,3,,3,,,
2010235,,1,,,,,,,,,,,,,,1,,,,1,1,,2,2,1,1,,,,2,,2,1,,,1,,1,,,,2
20501701,,,3,,,,,3,,1,,1,3,,5,7,3,4,3,3,6,5,4,6,4,7,4,6,12,6,11,7,4,7,2,6,4,6,1,6,2,2
2010229,,,2,,1,,,,,,,1,,,,5,1,1,,3,1,2,3,3,3,,1,2,2,5,6,3,1,2,1,,,1,,1,,
2010237,,,1,,,,,,,,,,,,,,2,1,,1,,,1,1,,,1,1,2,,,1,,,,1,,,1,,,
2010207,,,1,1,,1,,,,,,,,1,2,1,2,,3,2,2,6,2,2,1,2,6,4,5,3,5,1,2,2,,5,3,3,1,2,,
2010228,,,1,,,1,,,,,,,,1,1,1,1,3,3,2,3,4,,3,1,3,1,7,3,4,3,1,2,3,,2,,1,,,,
2010284,,,1,,,1,1,,,,,,1,5,8,2,3,4,,5,2,1,5,4,3,4,,2,3,6,,,1,1,1,2,4,4,1,,4,
2010279,,,1,3,,1,,1,1,,1,,,1,2,3,3,3,5,4,1,7,1,2,5,,4,5,5,8,4,3,2,1,3,3,3,3,2,,3,2
2010172,,,1,1,,,,1,1,,1,2,2,1,,3,5,,3,1,3,5,1,1,5,2,1,2,4,6,3,,1,1,1,3,1,1,1,2,,1
2010376,,,1,,,,,,,,,,1,1,,,1,,,,,1,,,2,,1,,1,,,1,,,,,2,,,,,
2010230,,,,1,,,,,,,1,,,,,,1,,,5,3,1,4,2,1,1,3,1,,1,,,2,1,,,1,,,1,,2
2010194,,,,,3,6,2,2,4,2,5,4,8,7,6,9,12,7,9,4,11,12,18,14,12,13,10,14,7,7,11,12,8,15,5,10,12,8,12,7,6,8
2010226,,,,,1,,,,,,,,,,,,1,,1,1,1,,,,,1,,,1,,,,2,,,,1,,,,,
20501401,,,,,1,,,,,1,,,,,3,22,35,28,18,26,19,14,27,36,27,29,31,26,3,4,5,2,,,,,,,,,,
2010234,,,,,,,1,,,,,,,,,1,1,1,,,,2,,,,2,1,1,,,,1,,,1,,,,,,,
2010241,,,,,,,1,,,,,,,1,1,1,3,,4,2,4,1,1,1,1,2,3,2,6,7,9,4,2,3,1,1,2,5,3,,,2
2010261,,,,,,,,,2,,,,1,,2,3,,1,1,1,3,2,1,1,2,3,,3,2,5,1,2,2,2,2,1,,5,1,,,
2010186,,,,,,,,,,1,,,,,,2,2,,1,2,,,2,2,2,4,1,2,7,1,1,2,1,1,,,,,1,,,
2010206,,,,,,,,,,,,,1,,2,,,,,2,,1,2,1,4,,1,,,1,,2,,,2,1,1,,,,,
2010233,,,,,,,,,,,,,,1,,1,1,1,,,,,1,,2,,1,,1,,1,,,,,,,,1,,,
10101002,,,,,,,,,,,,,,,7,2,,1,1,3,,,,,2,,1,,3,1,1,3,1,,,1,1,,1,,1,
2010373,,,,,,,,,,,,,,,1,1,2,,,,1,,2,,,2,1,1,,1,2,2,,1,,1,,1,1,,1,
2010236,,,,,,,,,,,,,,,,2,1,,,1,1,2,,,,,2,,,2,,,,,,,,,,,,
2010169,,,,,,,,,,,,,,,,1,1,1,,2,2,2,1,1,1,,1,5,3,1,1,1,,1,1,1,,,1,,,
2010232,,,,,,,,,,,,,,,,,1,,1,,,,,1,1,,2,,1,2,2,,1,,,1,,,,,,
